"Class","Name","Icon Path"
"1000Rnd_20mm_shells","",""
"1000Rnd_25mm_shells","",""
"1000Rnd_65x39_Belt","",""
"1000Rnd_65x39_Belt_Green","",""
"1000Rnd_65x39_Belt_Tracer_Green","",""
"1000Rnd_65x39_Belt_Tracer_Red","",""
"1000Rnd_65x39_Belt_Tracer_Yellow","",""
"1000Rnd_65x39_Belt_Yellow","",""
"1000Rnd_762x51_Belt","",""
"1000Rnd_762x51_Belt_Green","",""
"1000Rnd_762x51_Belt_Red","",""
"1000Rnd_762x51_Belt_T_Green","",""
"1000Rnd_762x51_Belt_T_Red","",""
"1000Rnd_762x51_Belt_T_Yellow","",""
"1000Rnd_762x51_Belt_Yellow","",""
"1000Rnd_Gatling_30mm_Plane_CAS_01_F","",""
"100Rnd_105mm_HEAT_MP","",""
"100Rnd_127x99_mag","",""
"100Rnd_127x99_mag_Tracer_Green","",""
"100Rnd_127x99_mag_Tracer_Red","",""
"100Rnd_127x99_mag_Tracer_Yellow","",""
"100Rnd_580x42_ghex_Mag_F","","\a3\Weapons_F_Exp\MagazineProxies\data\UI\icon_100Rnd_580x42_ghex_Mag_F_CA.paa"
"100Rnd_580x42_ghex_Mag_Tracer_F","","\a3\Weapons_F_Exp\MagazineProxies\data\UI\icon_100Rnd_580x42_ghex_Mag_Tracer_F_CA.paa"
"100Rnd_580x42_hex_Mag_F","","\a3\Weapons_F_Exp\MagazineProxies\data\UI\icon_100Rnd_580x42_hex_Mag_F_CA.paa"
"100Rnd_580x42_hex_Mag_Tracer_F","","\a3\Weapons_F_Exp\MagazineProxies\data\UI\icon_100Rnd_580x42_hex_Mag_Tracer_F_CA.paa"
"100Rnd_580x42_Mag_F","","\a3\Weapons_F_Exp\MagazineProxies\data\UI\icon_100Rnd_580x42_Mag_F_CA.paa"
"100Rnd_580x42_Mag_Tracer_F","","\a3\Weapons_F_Exp\MagazineProxies\data\UI\icon_100Rnd_580x42_Mag_Tracer_F_CA.paa"
"100Rnd_65x39_caseless_black_mag","","\a3\Weapons_F\MagazineProxies\data\UI\icon_100Rnd_65x39_caseless_black_mag_CA.paa"
"100Rnd_65x39_caseless_black_mag_tracer","","\a3\Weapons_F\MagazineProxies\data\UI\icon_100Rnd_65x39_caseless_black_mag_tracer_CA.paa"
"100Rnd_65x39_caseless_khaki_mag","","\a3\Weapons_F\MagazineProxies\data\UI\icon_100Rnd_65x39_caseless_khaki_mag_CA.paa"
"100Rnd_65x39_caseless_khaki_mag_tracer","","\a3\Weapons_F\MagazineProxies\data\UI\icon_100Rnd_65x39_caseless_khaki_mag_tracer_CA.paa"
"100Rnd_65x39_caseless_mag","","\A3\Weapons_F\Data\UI\M_100Rnd_65x39_CA.paa"
"100Rnd_65x39_caseless_mag_Tracer","","\A3\Weapons_F\Data\UI\M_100Rnd_65x39_red_CA.paa"
"10Rnd_127x54_Mag","","\A3\Weapons_F_Mark\Data\UI\M_127x54_CA.paa"
"10Rnd_338_Mag","","\A3\Weapons_F_Mark\Data\UI\M_338_CA.paa"
"10Rnd_50BW_Mag_F","","\A3\Weapons_F_Exp\Data\UI\icon_10Rnd_50BW_Mag_F_ca.paa"
"10Rnd_762x51_Mag","","\A3\Weapons_F_EPA\Data\ui\M_10Rnd_762x51_CA.paa"
"10Rnd_762x54_Mag","","\A3\Weapons_F_EPA\Data\ui\M_10Rnd_762x51_CA.paa"
"10Rnd_93x64_DMR_05_Mag","","\A3\Weapons_F_Mark\Data\UI\M_93x64_DMR_05_CA.paa"
"10Rnd_9x21_Mag","","\A3\weapons_f\data\ui\M_16Rnd_9x21_CA.paa"
"10Rnd_Mk14_762x51_Mag","","\a3\Weapons_F_Enoch\MagazineProxies\data\UI\icon_10Rnd_Mk14_762x51_Mag_ca.paa"
"11Rnd_45ACP_Mag","","\A3\weapons_f\data\UI\M_16Rnd_9x21_CA.paa"
"120Rnd_CMFlare_Chaff_Magazine","",""
"120Rnd_CMFlareMagazine","",""
"12Rnd_120mm_APFSDS_shells","",""
"12Rnd_120mm_APFSDS_shells_Tracer_Green","",""
"12Rnd_120mm_APFSDS_shells_Tracer_Red","",""
"12Rnd_120mm_APFSDS_shells_Tracer_Yellow","",""
"12Rnd_120mm_HE_shells","",""
"12Rnd_120mm_HE_shells_Tracer_Green","",""
"12Rnd_120mm_HE_shells_Tracer_Red","",""
"12Rnd_120mm_HE_shells_Tracer_Yellow","",""
"12Rnd_120mm_HEAT_MP","",""
"12Rnd_120mm_HEAT_MP_T_Green","",""
"12Rnd_120mm_HEAT_MP_T_Red","",""
"12Rnd_120mm_HEAT_MP_T_Yellow","",""
"12Rnd_125mm_HE","",""
"12Rnd_125mm_HE_T_Green","",""
"12Rnd_125mm_HE_T_Red","",""
"12Rnd_125mm_HE_T_Yellow","",""
"12Rnd_125mm_HEAT","",""
"12Rnd_125mm_HEAT_T_Green","",""
"12Rnd_125mm_HEAT_T_Red","",""
"12Rnd_125mm_HEAT_T_Yellow","",""
"12Rnd_230mm_rockets","",""
"12Rnd_230mm_rockets_cluster","",""
"12Rnd_ACE_Hydra70_DAGR","",""
"12Rnd_missiles","",""
"12Rnd_PG_missiles","",""
"12rnd_SPG9_HEAT","","\a3\Weapons_F_Tank\Launchers\Vorona\Data\UI\icon_rocket_vorona_HEAT_F_ca.paa"
"130Rnd_338_Mag","","\A3\Weapons_F_Mark\Data\UI\M_338_NM_CA.paa"
"140Rnd_30mm_MP_shells","",""
"140Rnd_30mm_MP_shells_Tracer_Green","",""
"140Rnd_30mm_MP_shells_Tracer_Red","",""
"140Rnd_30mm_MP_shells_Tracer_Yellow","",""
"14Rnd_120mm_HE_shells","",""
"14Rnd_120mm_HE_shells_Tracer_Green","",""
"14Rnd_120mm_HE_shells_Tracer_Red","",""
"14Rnd_120mm_HE_shells_Tracer_Yellow","",""
"14Rnd_80mm_rockets","",""
"150Rnd_127x108_Ball","",""
"150Rnd_556x45_Drum_Green_Mag_F","","\a3\Weapons_F_Exp\MagazineProxies\data\UI\icon_150Rnd_556x45_Drum_Green_Mag_F_CA.paa"
"150Rnd_556x45_Drum_Green_Mag_Tracer_F","","\a3\Weapons_F_Exp\MagazineProxies\data\UI\icon_150Rnd_556x45_Drum_Green_Mag_Tracer_F_CA.paa"
"150Rnd_556x45_Drum_Mag_F","","\A3\Weapons_F_Exp\Data\UI\icon_150Rnd_556x45_Drum_Mag_F_ca.paa"
"150Rnd_556x45_Drum_Mag_Tracer_F","","\A3\Weapons_F_Exp\Data\UI\icon_150Rnd_556x45_Drum_Mag_Tracer_F_ca.paa"
"150Rnd_556x45_Drum_Sand_Mag_F","","\a3\Weapons_F_Exp\MagazineProxies\data\UI\icon_150Rnd_556x45_Drum_Sand_Mag_F_CA.paa"
"150Rnd_556x45_Drum_Sand_Mag_Tracer_F","","\a3\Weapons_F_Exp\MagazineProxies\data\UI\icon_150Rnd_556x45_Drum_Sand_Mag_Tracer_F_CA.paa"
"150Rnd_762x51_Box","","\A3\Weapons_F_Beta\Data\UI\m_150Rnd_762x51_CA.paa"
"150Rnd_762x51_Box_Tracer","","\A3\Weapons_F_Beta\Data\UI\m_150Rnd_762x51_tracer_CA.paa"
"150Rnd_762x54_Box","","\A3\Weapons_F_Beta\Data\UI\m_150Rnd_762x51_CA.paa"
"150Rnd_762x54_Box_Tracer","","\A3\Weapons_F_Beta\Data\UI\m_150Rnd_762x51_tracer_CA.paa"
"150Rnd_93x64_Mag","","\A3\Weapons_F_Mark\Data\UI\M_93x64_CA.paa"
"15Rnd_12Gauge_Pellets","","\a3\Weapons_F_Enoch\MagazineProxies\data\UI\icon_6Rnd_12Gauge_Pellets_ca.paa"
"15Rnd_12Gauge_Slug","","\a3\Weapons_F_Enoch\MagazineProxies\data\UI\icon_6Rnd_12Gauge_Pellets_ca.paa"
"160Rnd_40mm_APFSDS_Tracer_Red_shells","",""
"168Rnd_CMFlare_Chaff_Magazine","",""
"16Rnd_120mm_HE_shells","",""
"16Rnd_120mm_HE_shells_Tracer_Green","",""
"16Rnd_120mm_HE_shells_Tracer_Red","",""
"16Rnd_120mm_HE_shells_Tracer_Yellow","",""
"16Rnd_125mm_APFSDS","",""
"16Rnd_125mm_APFSDS_T_Green","",""
"16Rnd_125mm_APFSDS_T_Red","",""
"16Rnd_125mm_APFSDS_T_Yellow","",""
"16Rnd_9x21_green_Mag","","\A3\weapons_f\data\ui\M_16Rnd_9x21_CA.paa"
"16Rnd_9x21_Mag","","\A3\weapons_f\data\ui\M_16Rnd_9x21_CA.paa"
"16Rnd_9x21_red_Mag","","\A3\weapons_f\data\ui\M_16Rnd_9x21_CA.paa"
"16Rnd_9x21_yellow_Mag","","\A3\weapons_f\data\ui\M_16Rnd_9x21_CA.paa"
"192Rnd_CMFlare_Chaff_Magazine","",""
"1Rnd_GAA_missiles","",""
"1Rnd_GAT_missiles","",""
"1Rnd_HE_Grenade_shell","","\A3\Weapons_f\Data\ui\gear_UGL_slug_CA.paa"
"1Rnd_Leaflets_Civ_F","",""
"1Rnd_Leaflets_Custom_01_F","",""
"1Rnd_Leaflets_Custom_02_F","",""
"1Rnd_Leaflets_Custom_03_F","",""
"1Rnd_Leaflets_Custom_04_F","",""
"1Rnd_Leaflets_Custom_05_F","",""
"1Rnd_Leaflets_Custom_06_F","",""
"1Rnd_Leaflets_Custom_07_F","",""
"1Rnd_Leaflets_Custom_08_F","",""
"1Rnd_Leaflets_Custom_09_F","",""
"1Rnd_Leaflets_Custom_10_F","",""
"1Rnd_Leaflets_East_F","",""
"1Rnd_Leaflets_Guer_F","",""
"1Rnd_Leaflets_West_F","",""
"1Rnd_LIB_PzFaust_30m","","\WW2\Assets_t\Weapons\Equipment_t\Magazines\Launchers\M_PzFaust30_ca.paa"
"1Rnd_Smoke_Grenade_shell","","\A3\Weapons_f\Data\UI\gear_UGL_Smokeshell_white_CA.paa"
"1Rnd_SmokeBlue_Grenade_shell","","\A3\Weapons_f\Data\UI\gear_UGL_Smokeshell_blue_CA.paa"
"1Rnd_SmokeGreen_Grenade_shell","","\A3\Weapons_f\Data\UI\gear_UGL_Smokeshell_green_CA.paa"
"1Rnd_SmokeOrange_Grenade_shell","","\A3\Weapons_f\Data\UI\gear_UGL_Smokeshell_orange_CA.paa"
"1Rnd_SmokePurple_Grenade_shell","","\A3\Weapons_f\Data\UI\gear_UGL_Smokeshell_purple_CA.paa"
"1Rnd_SmokeRed_Grenade_shell","","\A3\Weapons_f\Data\UI\gear_UGL_Smokeshell_red_CA.paa"
"1Rnd_SmokeYellow_Grenade_shell","","\A3\Weapons_f\Data\UI\gear_UGL_Smokeshell_yellow_CA.paa"
"2000Rnd_20mm_shells","",""
"2000Rnd_65x39_Belt","",""
"2000Rnd_65x39_Belt_Green","",""
"2000Rnd_65x39_Belt_Tracer_Green","",""
"2000Rnd_65x39_Belt_Tracer_Green_Splash","",""
"2000Rnd_65x39_Belt_Tracer_Red","",""
"2000Rnd_65x39_Belt_Tracer_Yellow","",""
"2000Rnd_65x39_Belt_Tracer_Yellow_Splash","",""
"2000Rnd_65x39_Belt_Yellow","",""
"2000Rnd_762x51_Belt","",""
"2000Rnd_762x51_Belt_Green","",""
"2000Rnd_762x51_Belt_Red","",""
"2000Rnd_762x51_Belt_T_Green","",""
"2000Rnd_762x51_Belt_T_Red","",""
"2000Rnd_762x51_Belt_T_Yellow","",""
"2000Rnd_762x51_Belt_Yellow","",""
"200Rnd_127x99_mag","",""
"200Rnd_127x99_mag_Tracer_Green","",""
"200Rnd_127x99_mag_Tracer_Red","",""
"200Rnd_127x99_mag_Tracer_Yellow","",""
"200Rnd_20mm_G_belt","",""
"200Rnd_338_Mag","","\A3\Weapons_F_Mark\Data\UI\M_338_NM_CA.paa"
"200Rnd_40mm_G_belt","",""
"200Rnd_556x45_Box_F","","\A3\Weapons_F_Exp\Data\UI\icon_200Rnd_556x45_Box_F_ca.paa"
"200Rnd_556x45_Box_Red_F","","\A3\Weapons_F_Exp\Data\UI\icon_200Rnd_556x45_Box_F_ca.paa"
"200Rnd_556x45_Box_Tracer_F","","\A3\Weapons_F_Exp\Data\UI\icon_200Rnd_556x45_Box_Tracer_F_ca.paa"
"200Rnd_556x45_Box_Tracer_Red_F","","\A3\Weapons_F_Exp\Data\UI\icon_200Rnd_556x45_Box_Tracer_Red_F_ca.paa"
"200Rnd_65x39_Belt","",""
"200Rnd_65x39_Belt_Tracer_Green","",""
"200Rnd_65x39_Belt_Tracer_Red","",""
"200Rnd_65x39_Belt_Tracer_Yellow","",""
"200Rnd_65x39_cased_Box","","\A3\Weapons_F\Data\UI\M_200Rnd_65x39_CA.paa"
"200Rnd_65x39_cased_Box_Red","","\A3\Weapons_F\Data\UI\M_200Rnd_65x39_CA.paa"
"200Rnd_65x39_cased_Box_Tracer","","\A3\Weapons_F\Data\UI\m_200rnd_65x39_yellow_ca.paa"
"200Rnd_65x39_cased_Box_Tracer_Red","","\A3\Weapons_F\Data\UI\m_200rnd_65x39_red_ca.paa"
"200Rnd_762x51_Belt","",""
"200Rnd_762x51_Belt_Green","",""
"200Rnd_762x51_Belt_Red","",""
"200Rnd_762x51_Belt_T_Green","",""
"200Rnd_762x51_Belt_T_Red","",""
"200Rnd_762x51_Belt_T_Yellow","",""
"200Rnd_762x51_Belt_Yellow","",""
"20Rnd_105mm_HEAT_MP","",""
"20Rnd_105mm_HEAT_MP_T_Green","",""
"20Rnd_105mm_HEAT_MP_T_Red","",""
"20Rnd_105mm_HEAT_MP_T_Yellow","",""
"20Rnd_120mm_APFSDS_shells","",""
"20Rnd_120mm_APFSDS_shells_Tracer_Green","",""
"20Rnd_120mm_APFSDS_shells_Tracer_Red","",""
"20Rnd_120mm_APFSDS_shells_Tracer_Yellow","",""
"20Rnd_120mm_HEAT_MP","",""
"20Rnd_120mm_HEAT_MP_T_Green","",""
"20Rnd_120mm_HEAT_MP_T_Red","",""
"20Rnd_120mm_HEAT_MP_T_Yellow","",""
"20Rnd_125mm_APFSDS","",""
"20Rnd_125mm_APFSDS_T_Green","",""
"20Rnd_125mm_APFSDS_T_Red","",""
"20Rnd_125mm_APFSDS_T_Yellow","",""
"20Rnd_556x45_UW_mag","","\A3\weapons_f\data\ui\m_20stanag_CA.paa"
"20Rnd_650x39_Cased_Mag_F","","\A3\Weapons_F_Exp\Data\UI\icon_20Rnd_650x39_Cased_Mag_F_ca.paa"
"20Rnd_762x51_Mag","","\a3\Weapons_F\MagazineProxies\data\UI\icon_20Rnd_762x51_Mag_ca.paa"
"20Rnd_Rocket_03_AP_F","",""
"20Rnd_Rocket_03_HE_F","",""
"240Rnd_40mm_GPR_Tracer_Red_shells","",""
"240Rnd_CMFlare_Chaff_Magazine","",""
"240Rnd_CMFlareMagazine","",""
"24Rnd_120mm_APFSDS_shells","",""
"24Rnd_120mm_APFSDS_shells_Tracer_Green","",""
"24Rnd_120mm_APFSDS_shells_Tracer_Red","",""
"24Rnd_120mm_APFSDS_shells_Tracer_Yellow","",""
"24Rnd_125mm_APFSDS","",""
"24Rnd_125mm_APFSDS_T_Green","",""
"24Rnd_125mm_APFSDS_T_Red","",""
"24Rnd_125mm_APFSDS_T_Yellow","",""
"24Rnd_ACE_Hydra70_DAGR","",""
"24Rnd_missiles","",""
"24Rnd_PG_missiles","",""
"250Rnd_30mm_APDS_shells","",""
"250Rnd_30mm_APDS_shells_Tracer_Green","",""
"250Rnd_30mm_APDS_shells_Tracer_Red","",""
"250Rnd_30mm_APDS_shells_Tracer_Yellow","",""
"250Rnd_30mm_HE_shells","",""
"250Rnd_30mm_HE_shells_Tracer_Green","",""
"250Rnd_30mm_HE_shells_Tracer_Red","",""
"28Rnd_120mm_APFSDS_shells","",""
"28Rnd_120mm_APFSDS_shells_Tracer_Green","",""
"28Rnd_120mm_APFSDS_shells_Tracer_Red","",""
"28Rnd_120mm_APFSDS_shells_Tracer_Yellow","",""
"2Rnd_127mm_Firefist_missiles","",""
"2Rnd_12Gauge_Pellets","","\a3\Weapons_F_Enoch\MagazineProxies\data\UI\icon_2rnd_12gauge_CA.paa"
"2Rnd_12Gauge_Slug","","\a3\Weapons_F_Enoch\MagazineProxies\data\UI\icon_2rnd_12gauge_slugs_CA.paa"
"2Rnd_155mm_Mo_Cluster","",""
"2Rnd_155mm_Mo_Cluster_O","",""
"2Rnd_155mm_Mo_guided","",""
"2Rnd_155mm_Mo_guided_O","",""
"2Rnd_155mm_Mo_LG","",""
"2Rnd_AAA_missiles","",""
"2Rnd_AAA_missiles_MI02","",""
"2Rnd_AAA_missiles_MI06","",""
"2Rnd_Bomb_03_F","",""
"2Rnd_GAT_missiles","",""
"2Rnd_GAT_missiles_O","",""
"2Rnd_GBU12_LGB","",""
"2Rnd_GBU12_LGB_MI10","",""
"2Rnd_LG_scalpel","",""
"2Rnd_LG_scalpel_hidden","",""
"2Rnd_Missile_AA_03_F","",""
"2Rnd_Missile_AA_04_F","",""
"2Rnd_Mk82","",""
"2Rnd_Mk82_MI08","",""
"300Rnd_20mm_shells","",""
"300Rnd_25mm_shells","",""
"300Rnd_CMFlare_Chaff_Magazine","",""
"30Rnd_120mm_APFSDS_shells","",""
"30Rnd_120mm_APFSDS_shells_Tracer_Green","",""
"30Rnd_120mm_APFSDS_shells_Tracer_Red","",""
"30Rnd_120mm_APFSDS_shells_Tracer_Yellow","",""
"30Rnd_120mm_HE_shells","",""
"30Rnd_120mm_HE_shells_Tracer_Green","",""
"30Rnd_120mm_HE_shells_Tracer_Red","",""
"30Rnd_120mm_HE_shells_Tracer_Yellow","",""
"30Rnd_45ACP_Mag_SMG_01","","\A3\weapons_f\data\ui\M_30Rnd_9x21_CA.paa"
"30Rnd_45ACP_Mag_SMG_01_Tracer_Green","","\A3\weapons_f\data\ui\M_30Rnd_9x21_CA.paa"
"30Rnd_45ACP_Mag_SMG_01_Tracer_Red","","\A3\weapons_f\data\ui\M_30Rnd_9x21_CA.paa"
"30Rnd_45ACP_Mag_SMG_01_Tracer_Yellow","","\A3\weapons_f\data\ui\M_30Rnd_9x21_CA.paa"
"30Rnd_545x39_Mag_F","","\A3\Weapons_F_Exp\Data\UI\icon_30Rnd_545x39_Mag_F_ca.paa"
"30Rnd_545x39_Mag_Green_F","","\A3\Weapons_F_Exp\Data\UI\icon_30Rnd_545x39_Mag_F_ca.paa"
"30Rnd_545x39_Mag_Tracer_F","","\A3\Weapons_F_Exp\Data\UI\icon_30Rnd_545x39_Mag_Tracer_F_ca.paa"
"30Rnd_545x39_Mag_Tracer_Green_F","","\A3\Weapons_F_Exp\Data\UI\icon_30Rnd_545x39_Mag_Tracer_Green_F_ca.paa"
"30Rnd_556x45_Stanag","","\a3\Weapons_F\MagazineProxies\data\UI\icon_30Rnd_556x45_Stanag_CA.paa"
"30Rnd_556x45_Stanag_green","","\a3\Weapons_F\MagazineProxies\data\UI\icon_30Rnd_556x45_Stanag_green_CA.paa"
"30Rnd_556x45_Stanag_red","","\a3\Weapons_F\MagazineProxies\data\UI\icon_30Rnd_556x45_Stanag_red_CA.paa"
"30Rnd_556x45_Stanag_Sand","","\a3\Weapons_F\MagazineProxies\data\UI\icon_30Rnd_556x45_Stanag_Sand_CA.paa"
"30Rnd_556x45_Stanag_Sand_green","","\a3\Weapons_F\MagazineProxies\data\UI\icon_30Rnd_556x45_Stanag_Sand_green_CA.paa"
"30Rnd_556x45_Stanag_Sand_red","","\a3\Weapons_F\MagazineProxies\data\UI\icon_30Rnd_556x45_Stanag_Sand_red_CA.paa"
"30Rnd_556x45_Stanag_Sand_Tracer_Green","","\a3\Weapons_F\MagazineProxies\data\UI\icon_30Rnd_556x45_Stanag_Sand_Tracer_Green_CA.paa"
"30Rnd_556x45_Stanag_Sand_Tracer_Red","","\a3\Weapons_F\MagazineProxies\data\UI\icon_30Rnd_556x45_Stanag_Sand_Tracer_Red_CA.paa"
"30Rnd_556x45_Stanag_Sand_Tracer_Yellow","","\a3\Weapons_F\MagazineProxies\data\UI\icon_30Rnd_556x45_Stanag_Sand_Tracer_Yellow_CA.paa"
"30Rnd_556x45_Stanag_Tracer_Green","","\a3\Weapons_F\MagazineProxies\data\UI\icon_30Rnd_556x45_Stanag_Tracer_Green_CA.paa"
"30Rnd_556x45_Stanag_Tracer_Red","","\a3\Weapons_F\MagazineProxies\data\UI\icon_30Rnd_556x45_Stanag_Tracer_Red_CA.paa"
"30Rnd_556x45_Stanag_Tracer_Yellow","","\a3\Weapons_F\MagazineProxies\data\UI\icon_30Rnd_556x45_Stanag_Tracer_Yellow_CA.paa"
"30Rnd_580x42_Mag_F","","\a3\Weapons_F_Exp\MagazineProxies\data\UI\icon_30Rnd_580x42_Mag_F_CA.paa"
"30Rnd_580x42_Mag_Tracer_F","","\a3\Weapons_F_Exp\MagazineProxies\data\UI\icon_30Rnd_580x42_Mag_Tracer_F_CA.paa"
"30Rnd_65x39_caseless_black_mag","","\a3\Weapons_F\MagazineProxies\data\UI\icon_30Rnd_65x39_caseless_black_mag_CA.paa"
"30Rnd_65x39_caseless_black_mag_Tracer","","\a3\Weapons_F\MagazineProxies\data\UI\icon_30Rnd_65x39_caseless_black_mag_Tracer_CA.paa"
"30Rnd_65x39_caseless_green","","\A3\weapons_f\data\ui\m_20stanag_CA.paa"
"30Rnd_65x39_caseless_green_mag_Tracer","","\A3\weapons_f\data\ui\m_20stanag_green_ca.paa"
"30Rnd_65x39_caseless_khaki_mag","","\a3\Weapons_F\MagazineProxies\data\UI\icon_30Rnd_65x39_caseless_khaki_mag_CA.paa"
"30Rnd_65x39_caseless_khaki_mag_Tracer","","\a3\Weapons_F\MagazineProxies\data\UI\icon_30Rnd_65x39_caseless_khaki_mag_Tracer_CA.paa"
"30Rnd_65x39_caseless_mag","","\A3\weapons_f\data\ui\m_30stanag_caseless_CA.paa"
"30Rnd_65x39_caseless_mag_Tracer","","\A3\weapons_f\data\ui\m_30stanag_caseless_red_CA.paa"
"30Rnd_65x39_caseless_msbs_mag","","\a3\Weapons_F_Enoch\MagazineProxies\data\UI\icon_30Rnd_65x39_caseless_msbs_mag_CA.paa"
"30Rnd_65x39_caseless_msbs_mag_Tracer","","\a3\Weapons_F_Enoch\MagazineProxies\data\UI\icon_30Rnd_65x39_caseless_msbs_mag_Tracer_CA.paa"
"30rnd_762x39_AK12_Arid_Mag_F","","\a3\Weapons_F_Enoch\MagazineProxies\data\UI\icon_30rnd_762x39_AK12_Arid_Mag_F_CA.paa"
"30rnd_762x39_AK12_Arid_Mag_Tracer_F","","\a3\Weapons_F_Enoch\MagazineProxies\data\UI\icon_30rnd_762x39_AK12_Arid_Mag_Tracer_F_CA.paa"
"30rnd_762x39_AK12_Lush_Mag_F","","\a3\Weapons_F_Enoch\MagazineProxies\data\UI\icon_30rnd_762x39_AK12_Lush_Mag_F_CA.paa"
"30rnd_762x39_AK12_Lush_Mag_Tracer_F","","\a3\Weapons_F_Enoch\MagazineProxies\data\UI\icon_30rnd_762x39_AK12_Lush_Mag_Tracer_F_CA.paa"
"30Rnd_762x39_AK12_Mag_F","","\a3\Weapons_F_Exp\MagazineProxies\data\UI\icon_30Rnd_762x39_AK12_Mag_F_CA.paa"
"30Rnd_762x39_AK12_Mag_Green_F","",""
"30Rnd_762x39_AK12_Mag_Tracer_F","","\a3\Weapons_F_Exp\MagazineProxies\data\UI\icon_30Rnd_762x39_AK12_Mag_Tracer_F_CA.paa"
"30Rnd_762x39_AK12_Mag_Tracer_Green_F","",""
"30Rnd_762x39_Mag_F","","\A3\Weapons_F_Exp\Data\UI\icon_30Rnd_762x39_Mag_F_ca.paa"
"30Rnd_762x39_Mag_Green_F","","\A3\Weapons_F_Exp\Data\UI\icon_30Rnd_762x39_Mag_F_ca.paa"
"30Rnd_762x39_Mag_Tracer_F","","\A3\Weapons_F_Exp\Data\UI\icon_30Rnd_762x39_Mag_Tracer_F_ca.paa"
"30Rnd_762x39_Mag_Tracer_Green_F","","\A3\Weapons_F_Exp\Data\UI\icon_30Rnd_762x39_Mag_Tracer_Green_F_ca.paa"
"30Rnd_9x21_Green_Mag","","\A3\Weapons_F\Data\UI\M_30Rnd_45ACP_CA.paa"
"30Rnd_9x21_Mag","","\A3\Weapons_F\Data\UI\M_30Rnd_45ACP_CA.paa"
"30Rnd_9x21_Mag_SMG_02","","\A3\weapons_f\data\ui\M_30Rnd_9x21_CA.paa"
"30Rnd_9x21_Mag_SMG_02_Tracer_Green","","\A3\weapons_f\data\ui\M_30Rnd_9x21_CA.paa"
"30Rnd_9x21_Mag_SMG_02_Tracer_Red","","\A3\weapons_f\data\ui\M_30Rnd_9x21_CA.paa"
"30Rnd_9x21_Mag_SMG_02_Tracer_Yellow","","\A3\weapons_f\data\ui\M_30Rnd_9x21_CA.paa"
"30Rnd_9x21_Red_Mag","","\A3\Weapons_F\Data\UI\M_30Rnd_45ACP_CA.paa"
"30Rnd_9x21_Yellow_Mag","","\A3\Weapons_F\Data\UI\M_30Rnd_45ACP_CA.paa"
"32Rnd_120mm_APFSDS_shells","",""
"32Rnd_120mm_APFSDS_shells_Tracer_Green","",""
"32Rnd_120mm_APFSDS_shells_Tracer_Red","",""
"32Rnd_120mm_APFSDS_shells_Tracer_Yellow","",""
"32Rnd_155mm_Mo_shells","",""
"32Rnd_155mm_Mo_shells_O","",""
"32Rnd_40mm_G_belt","",""
"38Rnd_80mm_rockets","",""
"3Rnd_HE_Grenade_shell","","\A3\Weapons_f\Data\ui\gear_UGL_slug_CA.paa"
"3Rnd_Smoke_Grenade_shell","","\A3\Weapons_f\Data\UI\gear_UGL_Smokeshell_white_CA.paa"
"3Rnd_SmokeBlue_Grenade_shell","","\A3\Weapons_f\Data\UI\gear_UGL_Smokeshell_blue_CA.paa"
"3Rnd_SmokeGreen_Grenade_shell","","\A3\Weapons_f\Data\UI\gear_UGL_Smokeshell_green_CA.paa"
"3Rnd_SmokeOrange_Grenade_shell","","\A3\Weapons_f\Data\UI\gear_UGL_Smokeshell_orange_CA.paa"
"3Rnd_SmokePurple_Grenade_shell","","\A3\Weapons_f\Data\UI\gear_UGL_Smokeshell_purple_CA.paa"
"3Rnd_SmokeRed_Grenade_shell","","\A3\Weapons_f\Data\UI\gear_UGL_Smokeshell_red_CA.paa"
"3Rnd_SmokeYellow_Grenade_shell","","\A3\Weapons_f\Data\UI\gear_UGL_Smokeshell_yellow_CA.paa"
"3Rnd_UGL_FlareCIR_F","","\A3\Weapons_F\Data\UI\gear_UGL_Flare_purple_CA.paa"
"3Rnd_UGL_FlareGreen_F","","\A3\Weapons_F\Data\UI\gear_UGL_Flare_Green_CA.paa"
"3Rnd_UGL_FlareRed_F","","\A3\Weapons_F\Data\UI\gear_UGL_Flare_Red_CA.paa"
"3Rnd_UGL_FlareWhite_F","","\A3\Weapons_F\Data\UI\gear_UGL_Flare_CA.paa"
"3Rnd_UGL_FlareYellow_F","","\A3\Weapons_F\Data\UI\gear_UGL_Flare_yelow_CA.paa"
"4000Rnd_20mm_Tracer_Red_shells","",""
"40Rnd_105mm_APFSDS","",""
"40Rnd_105mm_APFSDS_T_Green","",""
"40Rnd_105mm_APFSDS_T_Red","",""
"40Rnd_105mm_APFSDS_T_Yellow","",""
"40Rnd_20mm_G_belt","",""
"40Rnd_40mm_APFSDS_shells","",""
"40Rnd_40mm_APFSDS_Tracer_Green_shells","",""
"40Rnd_40mm_APFSDS_Tracer_Red_shells","",""
"40Rnd_40mm_APFSDS_Tracer_Yellow_shells","",""
"450Rnd_127x108_Ball","",""
"4Rnd_120mm_cannon_missiles","",""
"4Rnd_120mm_LG_cannon_missiles","",""
"4Rnd_125mm_cannon_missiles","",""
"4Rnd_155mm_Mo_guided","",""
"4Rnd_155mm_Mo_guided_O","",""
"4Rnd_155mm_Mo_LG","",""
"4Rnd_155mm_Mo_LG_O","",""
"4Rnd_70mm_SAAMI_missiles","",""
"4Rnd_AAA_missiles","",""
"4Rnd_AAA_missiles_MI02","",""
"4Rnd_AAT_missiles","",""
"4Rnd_Bomb_04_F","",""
"4Rnd_BombCluster_01_F","",""
"4Rnd_BombCluster_02_F","",""
"4Rnd_BombCluster_03_F","",""
"4Rnd_GAA_missiles","",""
"4Rnd_LG_Jian","",""
"4Rnd_Missile_AGM_01_F","",""
"4Rnd_Titan_long_missiles","",""
"4Rnd_Titan_long_missiles_O","",""
"5000Rnd_762x51_Belt","",""
"5000Rnd_762x51_Yellow_Belt","",""
"500Rnd_127x99_mag","",""
"500Rnd_127x99_mag_Tracer_Green","",""
"500Rnd_127x99_mag_Tracer_Red","",""
"500Rnd_127x99_mag_Tracer_Yellow","",""
"500Rnd_65x39_Belt","",""
"500Rnd_65x39_Belt_Tracer_Green_Splash","",""
"500Rnd_65x39_Belt_Tracer_Red_Splash","",""
"500Rnd_65x39_Belt_Tracer_Yellow_Splash","",""
"500Rnd_Cannon_30mm_Plane_CAS_02_F","",""
"50Rnd_127x108_Ball","",""
"50Rnd_570x28_SMG_03","","\a3\weapons_f_mod\data\m_adr97mag_ca.paa"
"5Rnd_127x108_APDS_Mag","","\A3\weapons_f\data\UI\M_5rnd_127x108_CA.paa"
"5Rnd_127x108_Mag","","\A3\Weapons_F_EPA\Data\ui\M_5rnd_127x108_ball_CA.paa"
"5Rnd_GAT_missiles","",""
"60Rnd_20mm_AP_shells","",""
"60Rnd_20mm_HE_shells","",""
"60Rnd_30mm_APFSDS_shells","",""
"60Rnd_30mm_APFSDS_shells_Tracer_Green","",""
"60Rnd_30mm_APFSDS_shells_Tracer_Red","",""
"60Rnd_30mm_APFSDS_shells_Tracer_Yellow","",""
"60Rnd_30mm_MP_shells_Tracer_Green","",""
"60Rnd_40mm_GPR_shells","",""
"60Rnd_40mm_GPR_Tracer_Green_shells","",""
"60Rnd_40mm_GPR_Tracer_Red_shells","",""
"60Rnd_40mm_GPR_Tracer_Yellow_shells","",""
"60Rnd_CMFlare_Chaff_Magazine","",""
"60Rnd_CMFlareMagazine","",""
"64Rnd_40mm_G_belt","",""
"680Rnd_35mm_AA_shells","",""
"680Rnd_35mm_AA_shells_Tracer_Green","",""
"680Rnd_35mm_AA_shells_Tracer_Red","",""
"680Rnd_35mm_AA_shells_Tracer_Yellow","",""
"6Rnd_12Gauge_Pellets","","\a3\Weapons_F_Enoch\MagazineProxies\data\UI\icon_6Rnd_12Gauge_Pellets_ca.paa"
"6Rnd_12Gauge_Slug","","\a3\Weapons_F_Enoch\MagazineProxies\data\UI\icon_6Rnd_12Gauge_Slug_ca.paa"
"6Rnd_155mm_Mo_AT_mine","",""
"6Rnd_155mm_Mo_AT_mine_O","",""
"6Rnd_155mm_Mo_mine","",""
"6Rnd_155mm_Mo_mine_O","",""
"6Rnd_155mm_Mo_smoke","",""
"6Rnd_155mm_Mo_smoke_O","",""
"6Rnd_45ACP_Cylinder","","\A3\Weapons_F_EPA\Data\ui\M_6Rnd_revolver_CA.paa"
"6Rnd_AAT_missiles","",""
"6Rnd_ACE_Hellfire_AGM114K","",""
"6Rnd_ACE_Hellfire_AGM114L","",""
"6Rnd_ACE_Hellfire_AGM114N","",""
"6Rnd_ACE_Hydra70_DAGR","",""
"6Rnd_GreenSignal_F","","\A3\Weapons_F_Kart\Pistols\Pistol_Signal_F\Data\UI\M_6Rnd_GreenSignal_CA.paa"
"6Rnd_LG_scalpel","",""
"6Rnd_Missile_AGM_02_F","",""
"6Rnd_RedSignal_F","","\A3\Weapons_F_Kart\Pistols\Pistol_Signal_F\Data\UI\M_6Rnd_RedSignal_CA.paa"
"75rnd_762x39_AK12_Arid_Mag_F","","\a3\Weapons_F_Enoch\MagazineProxies\data\UI\icon_75rnd_762x39_AK12_Arid_Mag_F_CA.paa"
"75rnd_762x39_AK12_Arid_Mag_Tracer_F","","\a3\Weapons_F_Enoch\MagazineProxies\data\UI\icon_75rnd_762x39_AK12_Arid_Mag_Tracer_F_CA.paa"
"75rnd_762x39_AK12_Lush_Mag_F","","\a3\Weapons_F_Enoch\MagazineProxies\data\UI\icon_75rnd_762x39_AK12_Lush_Mag_F_CA.paa"
"75rnd_762x39_AK12_Lush_Mag_Tracer_F","","\a3\Weapons_F_Enoch\MagazineProxies\data\UI\icon_75rnd_762x39_AK12_Lush_Mag_Tracer_F_CA.paa"
"75rnd_762x39_AK12_Mag_F","","\a3\Weapons_F_Enoch\MagazineProxies\data\UI\icon_75rnd_762x39_AK12_Mag_F_CA.paa"
"75rnd_762x39_AK12_Mag_Tracer_F","","\a3\Weapons_F_Enoch\MagazineProxies\data\UI\icon_75rnd_762x39_AK12_Mag_Tracer_F_CA.paa"
"75Rnd_762x39_Mag_F","","\a3\Weapons_F_Enoch\MagazineProxies\data\UI\icon_75Rnd_762x39_Mag_F_CA.paa"
"75Rnd_762x39_Mag_Tracer_F","","\a3\Weapons_F_Enoch\MagazineProxies\data\UI\icon_75Rnd_762x39_Mag_Tracer_F_CA.paa"
"7Rnd_408_Mag","","\A3\weapons_f\data\UI\m_M24_CA.paa"
"7Rnd_Rocket_04_AP_F","",""
"7Rnd_Rocket_04_HE_F","",""
"8Rnd_120mm_HE_shells","",""
"8Rnd_120mm_HE_shells_Tracer_Green","",""
"8Rnd_120mm_HE_shells_Tracer_Red","",""
"8Rnd_120mm_HE_shells_Tracer_Yellow","",""
"8Rnd_120mm_HEAT_MP","",""
"8Rnd_120mm_HEAT_MP_T_Green","",""
"8Rnd_120mm_HEAT_MP_T_Red","",""
"8Rnd_120mm_HEAT_MP_T_Yellow","",""
"8Rnd_125mm_HE","",""
"8Rnd_125mm_HE_T_Green","",""
"8Rnd_125mm_HE_T_Red","",""
"8Rnd_125mm_HE_T_Yellow","",""
"8Rnd_82mm_Mo_Flare_white","",""
"8Rnd_82mm_Mo_guided","",""
"8Rnd_82mm_Mo_LG","",""
"8Rnd_82mm_Mo_shells","",""
"8Rnd_82mm_Mo_Smoke_white","",""
"8Rnd_LG_scalpel","",""
"8rnd_SPG9_HE","","\a3\Weapons_F_Tank\Launchers\Vorona\Data\UI\icon_rocket_vorona_HE_F_ca.paa"
"96Rnd_40mm_G_belt","",""
"9Rnd_45ACP_Mag","","\A3\weapons_f\data\ui\M_30Rnd_9x21_CA.paa"
"ACE_1000Rnd_Gatling_30mm_Plane_CAS_AP","",""
"ACE_1000Rnd_Gatling_30mm_Plane_CAS_CM41","",""
"ACE_1000Rnd_Gatling_30mm_Plane_CAS_CM51","",""
"ACE_1000Rnd_Gatling_30mm_Plane_CAS_HEI","",""
"ACE_100Rnd_65x39_caseless_mag_Tracer_Dim","","\A3\weapons_f\data\ui\m_100rnd_65x39_yellow_ca.paa"
"ACE_10Rnd_338_300gr_HPBT_Mag","","\A3\Weapons_F_Mark\Data\UI\M_338_CA.paa"
"ACE_10Rnd_338_API526_Mag","","\A3\Weapons_F_Mark\Data\UI\M_338_CA.paa"
"ACE_10Rnd_580x42_DBP88_Mag","","\A3\Weapons_F_Exp\Data\UI\icon_20Rnd_650x39_Cased_Mag_F_ca.paa"
"ACE_10Rnd_762x51_M118LR_Mag","","\A3\Weapons_F_EPA\Data\ui\M_10Rnd_762x51_CA.paa"
"ACE_10Rnd_762x51_M993_AP_Mag","","\A3\Weapons_F_EPA\Data\ui\M_10Rnd_762x51_CA.paa"
"ACE_10Rnd_762x51_Mk316_Mod_0_Mag","","\A3\Weapons_F_EPA\Data\ui\M_10Rnd_762x51_CA.paa"
"ACE_10Rnd_762x51_Mk319_Mod_0_Mag","","\A3\Weapons_F_EPA\Data\ui\M_10Rnd_762x51_CA.paa"
"ACE_10Rnd_762x54_Tracer_mag","","\A3\Weapons_F_EPA\Data\ui\M_10Rnd_762x51_CA.paa"
"ACE_120Rnd_35mm_ABM_shells","",""
"ACE_120Rnd_35mm_ABM_shells_Tracer_Green","",""
"ACE_120Rnd_35mm_ABM_shells_Tracer_Red","",""
"ACE_120Rnd_35mm_ABM_shells_Tracer_Yellow","",""
"ACE_16Rnd_9x19_mag","","\A3\weapons_f\data\ui\M_16Rnd_9x21_CA.paa"
"ACE_1Rnd_82mm_Mo_HE","","\z\ace\addons\mk6mortar\UI\w_l16_ammo_he_ca.paa"
"ACE_1Rnd_82mm_Mo_HE_Guided","","\z\ace\addons\mk6mortar\UI\w_l16_ammo_he_ca.paa"
"ACE_1Rnd_82mm_Mo_HE_LaserGuided","","\z\ace\addons\mk6mortar\UI\w_l16_ammo_he_ca.paa"
"ACE_1Rnd_82mm_Mo_Illum","","\z\ace\addons\mk6mortar\UI\w_l16_ammo_illum_ca.paa"
"ACE_1Rnd_82mm_Mo_Smoke","","\z\ace\addons\mk6mortar\UI\w_l16_ammo_smk_white_ca.paa"
"ACE_200Rnd_65x39_cased_Box_Tracer_Dim","","\A3\weapons_f\data\ui\m_200rnd_65x39_yellow_ca.paa"
"ACE_20Rnd_65_Creedmor_mag","","\A3\Weapons_F_Exp\Data\UI\icon_20Rnd_650x39_Cased_Mag_F_ca.paa"
"ACE_20Rnd_65x47_Scenar_mag","","\A3\Weapons_F_Exp\Data\UI\icon_20Rnd_650x39_Cased_Mag_F_ca.paa"
"ACE_20Rnd_762x51_M118LR_Mag","","\a3\Weapons_F\MagazineProxies\data\UI\icon_20Rnd_762x51_Mag_ca.paa"
"ACE_20Rnd_762x51_M993_AP_Mag","","\a3\Weapons_F\MagazineProxies\data\UI\icon_20Rnd_762x51_Mag_ca.paa"
"ACE_20Rnd_762x51_Mag_SD","","\a3\Weapons_F\MagazineProxies\data\UI\icon_20Rnd_762x51_Mag_ca.paa"
"ACE_20Rnd_762x51_Mag_Tracer","","\a3\Weapons_F\MagazineProxies\data\UI\icon_20Rnd_762x51_Mag_ca.paa"
"ACE_20Rnd_762x51_Mag_Tracer_Dim","","\a3\Weapons_F\MagazineProxies\data\UI\icon_20Rnd_762x51_Mag_ca.paa"
"ACE_20Rnd_762x51_Mk316_Mod_0_Mag","","\a3\Weapons_F\MagazineProxies\data\UI\icon_20Rnd_762x51_Mag_ca.paa"
"ACE_20Rnd_762x51_Mk319_Mod_0_Mag","","\a3\Weapons_F\MagazineProxies\data\UI\icon_20Rnd_762x51_Mag_ca.paa"
"ACE_20Rnd_762x67_Berger_Hybrid_OTM_Mag","","\a3\Weapons_F\MagazineProxies\data\UI\icon_20Rnd_762x51_Mag_ca.paa"
"ACE_20Rnd_762x67_Mk248_Mod_0_Mag","","\a3\Weapons_F\MagazineProxies\data\UI\icon_20Rnd_762x51_Mag_ca.paa"
"ACE_20Rnd_762x67_Mk248_Mod_1_Mag","","\a3\Weapons_F\MagazineProxies\data\UI\icon_20Rnd_762x51_Mag_ca.paa"
"ACE_2Rnd_12Gauge_Pellets_No0_Buck","","\a3\Weapons_F_Enoch\MagazineProxies\data\UI\icon_2rnd_12gauge_CA.paa"
"ACE_2Rnd_12Gauge_Pellets_No1_Buck","","\a3\Weapons_F_Enoch\MagazineProxies\data\UI\icon_2rnd_12gauge_CA.paa"
"ACE_2Rnd_12Gauge_Pellets_No2_Buck","","\a3\Weapons_F_Enoch\MagazineProxies\data\UI\icon_2rnd_12gauge_CA.paa"
"ACE_2Rnd_12Gauge_Pellets_No3_Buck","","\a3\Weapons_F_Enoch\MagazineProxies\data\UI\icon_2rnd_12gauge_CA.paa"
"ACE_2Rnd_12Gauge_Pellets_No4_Bird","","\a3\Weapons_F_Enoch\MagazineProxies\data\UI\icon_2rnd_12gauge_CA.paa"
"ACE_2Rnd_12Gauge_Pellets_No4_Buck","","\a3\Weapons_F_Enoch\MagazineProxies\data\UI\icon_2rnd_12gauge_CA.paa"
"ACE_30Rnd_556x45_Stanag_M995_AP_mag","","\a3\Weapons_F\MagazineProxies\data\UI\icon_30Rnd_556x45_Stanag_CA.paa"
"ACE_30Rnd_556x45_Stanag_Mk262_mag","","\a3\Weapons_F\MagazineProxies\data\UI\icon_30Rnd_556x45_Stanag_CA.paa"
"ACE_30Rnd_556x45_Stanag_Mk318_mag","","\a3\Weapons_F\MagazineProxies\data\UI\icon_30Rnd_556x45_Stanag_CA.paa"
"ACE_30Rnd_556x45_Stanag_Tracer_Dim","","\a3\Weapons_F\MagazineProxies\data\UI\icon_30Rnd_556x45_Stanag_Tracer_Red_CA.paa"
"ACE_30Rnd_65_Creedmor_mag","","\A3\weapons_f\data\ui\m_30stanag_caseless_CA.paa"
"ACE_30Rnd_65x39_caseless_green_mag_Tracer_Dim","","\A3\weapons_f\data\ui\m_20stanag_green_ca.paa"
"ACE_30Rnd_65x39_caseless_mag_Tracer_Dim","","\A3\weapons_f\data\ui\m_30stanag_caseless_red_CA.paa"
"ACE_30Rnd_65x47_Scenar_mag","","\A3\weapons_f\data\ui\m_30stanag_caseless_CA.paa"
"ACE_40mm_Flare_green","","\A3\Weapons_F\Data\UI\gear_UGL_Flare_Green_CA.paa"
"ACE_40mm_Flare_ir","","\A3\Weapons_F\Data\UI\gear_UGL_Flare_CA.paa"
"ACE_40mm_Flare_red","","\A3\Weapons_F\Data\UI\gear_UGL_Flare_Red_CA.paa"
"ACE_40mm_Flare_white","","\A3\Weapons_F\Data\UI\gear_UGL_Flare_CA.paa"
"ACE_500Rnd_20mm_shells_Comanche","",""
"ACE_5Rnd_127x99_AMAX_Mag","","\A3\Weapons_F_EPA\Data\ui\M_5rnd_127x108_ball_CA.paa"
"ACE_5Rnd_127x99_API_Mag","","\A3\Weapons_F_EPA\Data\ui\M_5rnd_127x108_ball_CA.paa"
"ACE_5Rnd_127x99_Mag","","\A3\Weapons_F_EPA\Data\ui\M_5rnd_127x108_ball_CA.paa"
"ACE_6Rnd_12Gauge_Pellets_No0_Buck","","\a3\Weapons_F_Enoch\MagazineProxies\data\UI\icon_6Rnd_12Gauge_Pellets_ca.paa"
"ACE_6Rnd_12Gauge_Pellets_No1_Buck","","\a3\Weapons_F_Enoch\MagazineProxies\data\UI\icon_6Rnd_12Gauge_Pellets_ca.paa"
"ACE_6Rnd_12Gauge_Pellets_No2_Buck","","\a3\Weapons_F_Enoch\MagazineProxies\data\UI\icon_6Rnd_12Gauge_Pellets_ca.paa"
"ACE_6Rnd_12Gauge_Pellets_No3_Buck","","\a3\Weapons_F_Enoch\MagazineProxies\data\UI\icon_6Rnd_12Gauge_Pellets_ca.paa"
"ACE_6Rnd_12Gauge_Pellets_No4_Bird","","\a3\Weapons_F_Enoch\MagazineProxies\data\UI\icon_6Rnd_12Gauge_Pellets_ca.paa"
"ACE_6Rnd_12Gauge_Pellets_No4_Buck","","\a3\Weapons_F_Enoch\MagazineProxies\data\UI\icon_6Rnd_12Gauge_Pellets_ca.paa"
"ACE_7Rnd_408_305gr_Mag","","\A3\weapons_f\data\UI\m_M24_CA.paa"
"ACE_Chemlight_HiBlue","","\z\ace\addons\chemlights\UI\ace_chemlight_hiblue_x_ca.paa"
"ACE_Chemlight_HiGreen","","\z\ace\addons\chemlights\UI\ace_chemlight_higreen_x_ca.paa"
"ACE_Chemlight_HiOrange","","\z\ace\addons\chemlights\UI\ace_chemlight_ultrahiorange_x_ca.paa"
"ACE_Chemlight_HiRed","","\z\ace\addons\chemlights\UI\ace_chemlight_hired_x_ca.paa"
"ACE_Chemlight_HiWhite","","\z\ace\addons\chemlights\UI\ace_chemlight_hiwhite_x_ca.paa"
"ACE_Chemlight_HiYellow","","\z\ace\addons\chemlights\UI\ace_chemlight_hiyellow_x_ca.paa"
"ACE_Chemlight_IR","","\z\ace\addons\chemlights\UI\ace_chemlight_ir_x_ca.paa"
"ACE_Chemlight_Orange","","\z\ace\addons\chemlights\UI\ace_chemlight_orange_x_ca.paa"
"ACE_Chemlight_UltraHiOrange","","\z\ace\addons\chemlights\UI\ace_chemlight_ultrahiorange_x_ca.paa"
"ACE_Chemlight_White","","\z\ace\addons\chemlights\UI\ace_chemlight_white_x_ca.paa"
"ace_csw_100Rnd_127x99_mag","","\z\ace\addons\csw\UI\ammoBox_50bmg_ca.paa"
"ace_csw_100Rnd_127x99_mag_green","","\z\ace\addons\csw\UI\ammoBox_50bmg_ca.paa"
"ace_csw_100Rnd_127x99_mag_red","","\z\ace\addons\csw\UI\ammoBox_50bmg_ca.paa"
"ace_csw_100Rnd_127x99_mag_yellow","","\z\ace\addons\csw\UI\ammoBox_50bmg_ca.paa"
"ace_csw_20Rnd_20mm_G_belt","","\z\ace\addons\csw\UI\ammoBox_50bmg_ca.paa"
"ace_csw_50Rnd_127x108_mag","","\z\ace\addons\csw\UI\ammoBox_50bmg_ca.paa"
"ACE_CTS9","","\z\ace\addons\grenades\UI\ace_cts9_x_ca.paa"
"ACE_DemoCharge_Remote_Mag_Throwable","","\A3\Weapons_F\Data\UI\gear_c4_charge_small_CA.paa"
"ace_dragon_super","",""
"ACE_FakeMagazine","",""
"ACE_FlareTripMine_Mag","","\A3\Weapons_F\Data\UI\gear_mine_AP_tripwire_CA.paa"
"ACE_HandFlare_Base","","\A3\Weapons_F\Data\UI\gear_M67_CA.paa"
"ACE_HandFlare_Green","","\A3\Weapons_F\Data\UI\gear_flare_green_ca.paa"
"ACE_HandFlare_Red","","\A3\Weapons_F\Data\UI\gear_flare_red_ca.paa"
"ACE_HandFlare_White","","\A3\Weapons_F\Data\UI\gear_flare_white_ca.paa"
"ACE_HandFlare_Yellow","","\A3\Weapons_F\Data\UI\gear_flare_yellow_ca.paa"
"ace_hot_1_2Rnd","",""
"ace_hot_1_6Rnd","",""
"ace_hot_1_PylonMissile_1Rnd","",""
"ace_hot_1_PylonRack_1Rnd","",""
"ace_hot_1_PylonRack_3Rnd","",""
"ace_hot_1_PylonRack_4Rnd","",""
"ace_hot_2_2Rnd","",""
"ace_hot_2_6Rnd","",""
"ace_hot_2_PylonMissile_1Rnd","",""
"ace_hot_2_PylonRack_1Rnd","",""
"ace_hot_2_PylonRack_3Rnd","",""
"ace_hot_2_PylonRack_4Rnd","",""
"ace_hot_2MP_2Rnd","",""
"ace_hot_2MP_6Rnd","",""
"ace_hot_2MP_PylonMissile_1Rnd","",""
"ace_hot_2MP_PylonRack_1Rnd","",""
"ace_hot_2MP_PylonRack_3Rnd","",""
"ace_hot_2MP_PylonRack_4Rnd","",""
"ace_hot_3_2Rnd","",""
"ace_hot_3_6Rnd","",""
"ace_hot_3_PylonMissile_1Rnd","",""
"ace_hot_3_PylonRack_1Rnd","",""
"ace_hot_3_PylonRack_3Rnd","",""
"ace_hot_3_PylonRack_4Rnd","",""
"ACE_HuntIR_M203","","\z\ace\addons\huntir\data\m_m1070_ca.paa"
"ACE_key_customKeyMagazine","","\z\ace\addons\vehiclelock\ui\keyBlack.paa"
"ace_kh25ml_magazine_x1","",""
"ace_kh25ml_pylonmissile_int_x1","",""
"ace_kh25ml_pylonmissile_x1","",""
"ace_kh25ml_pylonrack_x1","",""
"ACE_M14","","\z\ace\addons\grenades\UI\ace_anm14th3_x_ca.paa"
"ACE_M84","","\z\ace\addons\grenades\UI\ACE_m84_x_ca.paa"
"ace_maverick_L_magazine_x1","",""
"ace_maverick_L_pylonmissile_x1","",""
"ace_maverick_L_pylonmissile_x2","",""
"ace_maverick_L_pylonRack_1Rnd","",""
"ace_maverick_L_PylonRack_3Rnd","",""
"ace_maverick_L_PylonRack_x1","",""
"ace_maverick_L_PylonRack_x2","",""
"ACE_SatchelCharge_Remote_Mag_Throwable","","\A3\Weapons_f\data\UI\gear_satchel_CA.paa"
"ACE_SpareBarrel","","\z\ace\addons\overheating\UI\spare_barrel_ca.paa"
"acex_intelitems_base","",""
"acex_intelitems_document","","\z\acex\addons\intelitems\ui\document_ca.paa"
"acex_intelitems_notepad","","\z\acex\addons\intelitems\ui\notepad_ca.paa"
"acex_intelitems_photo","","\z\acex\addons\intelitems\ui\photo_ca.paa"
"Antibiotic","","\a3\Missions_F_Oldman\Props\data\Antibiotic_ca.paa"
"Antimalaricum","","\a3\Missions_F_Oldman\Props\data\Antimalaricum_ca.paa"
"AntimalaricumVaccine","","\a3\Missions_F_Oldman\Props\data\AntimalaricumVaccine_ca.paa"
"APERSBoundingMine_Range_Mag","","\A3\Weapons_F\Data\UI\gear_mine_AP_bouncing_CA.paa"
"APERSMine_Range_Mag","","\A3\Weapons_F\Data\UI\gear_mine_AP_CA.paa"
"APERSMineDispenser_Mag","","\A3\Weapons_F_Orange\Explosives\Data\UI\gear_APERSmineDispenser_CA.paa"
"APERSTripMine_Wire_Mag","","\A3\Weapons_F\Data\UI\gear_mine_AP_tripwire_CA.paa"
"ARTY_LIB_8Rnd_60mmHE_M2","",""
"ARTY_LIB_8Rnd_81mmHE_GRWR34","",""
"ARTY_LIB_8Rnd_82mmHE_BM37","",""
"ATMine_Range_Mag","","\A3\Weapons_F\Data\UI\gear_mine_AT_CA.paa"
"B_IR_Grenade","","\A3\Weapons_F_EPB\Ammo\Data\UI\gear_B_IRstrobe_CA.paa"
"Bandage","","\a3\Missions_F_Oldman\Props\data\Bandage_ca.paa"
"ButaneCanister","","\a3\Missions_F_Oldman\Props\data\ButaneCanister_ca.paa"
"CA_LauncherMagazine","",""
"CA_Magazine","",""
"CBA_FakeLauncherMagazine","",""
"Chemlight_blue","","\A3\Weapons_F\Data\UI\M_chemlight_blue_CA.paa"
"Chemlight_green","","\A3\Weapons_F\Data\UI\M_chemlight_green_CA.paa"
"Chemlight_red","","\A3\Weapons_F\Data\UI\M_chemlight_red_CA.paa"
"Chemlight_yellow","","\A3\Weapons_F\Data\UI\M_chemlight_yellow_CA.paa"
"ClaymoreDirectionalMine_Remote_Mag","","\A3\Weapons_F\Data\UI\gear_mine_AP_miniclaymore_CA.paa"
"Csat_Id_01","","\a3\Missions_F_Oldman\Props\data\Csat_Id_01_ca.paa"
"Csat_Id_02","","\a3\Missions_F_Oldman\Props\data\Csat_Id_02_ca.paa"
"Csat_Id_03","","\a3\Missions_F_Oldman\Props\data\Csat_Id_03_ca.paa"
"Csat_Id_04","","\a3\Missions_F_Oldman\Props\data\Csat_Id_04_ca.paa"
"Csat_Id_05","","\a3\Missions_F_Oldman\Props\data\Csat_Id_05_ca.paa"
"Default","",""
"DemoCharge_Remote_Mag","","\A3\Weapons_F\Data\UI\gear_c4_charge_small_CA.paa"
"DocumentsSecret","","\a3\Missions_F_Oldman\Props\data\DocumentsSecret_ca.paa"
"Drone_Range_Mag","","\A3\Weapons_F\Data\UI\gear_mine_AT_CA.paa"
"Drone_Range_Mag_dummy","","\A3\Weapons_F\Data\UI\gear_mine_AT_CA.paa"
"Dummy_Magazine_Base","",""
"ESD_01_DummyMagazine_1","",""
"ESD_01_DummyMagazine_10","",""
"ESD_01_DummyMagazine_11","",""
"ESD_01_DummyMagazine_12","",""
"ESD_01_DummyMagazine_13","",""
"ESD_01_DummyMagazine_14","",""
"ESD_01_DummyMagazine_15","",""
"ESD_01_DummyMagazine_16","",""
"ESD_01_DummyMagazine_17","",""
"ESD_01_DummyMagazine_18","",""
"ESD_01_DummyMagazine_19","",""
"ESD_01_DummyMagazine_2","",""
"ESD_01_DummyMagazine_20","",""
"ESD_01_DummyMagazine_3","",""
"ESD_01_DummyMagazine_4","",""
"ESD_01_DummyMagazine_5","",""
"ESD_01_DummyMagazine_6","",""
"ESD_01_DummyMagazine_7","",""
"ESD_01_DummyMagazine_8","",""
"ESD_01_DummyMagazine_9","",""
"ESD_01_DummyMagazine_base","",""
"FakeMagazine","",""
"FakeWeapon","",""
"FileNetworkStructure","","\a3\Missions_F_Oldman\Props\data\FileNetworkStructure_ca.paa"
"Files","","\a3\Missions_F_Oldman\Props\data\Files_ca.paa"
"Files_diary","","\a3\Missions_F_Oldman\Props\data\Files_ca.paa"
"Files_researchNotes","","\a3\Missions_F_Oldman\Props\data\Files_ca.paa"
"FilesSecret","","\a3\Missions_F_Oldman\Props\data\FilesSecret_ca.paa"
"FileTopSecret","","\a3\Missions_F_Oldman\Props\data\FileTopSecret_ca.paa"
"FlareGreen_F","","\A3\Weapons_F\Data\UI\gear_flare_green_ca.paa"
"FlareRed_F","","\A3\Weapons_F\Data\UI\gear_flare_red_ca.paa"
"FlareWhite_F","","\A3\Weapons_F\Data\UI\gear_flare_white_ca.paa"
"FlareYellow_F","","\A3\Weapons_F\Data\UI\gear_flare_yellow_ca.paa"
"FlashDisk","","\a3\Missions_F_Oldman\Props\data\FlashDisk_ca.paa"
"fow_1000Rnd_77x56_Tracer_Yellow","",""
"fow_100Rnd_762x63","","\fow\fow_weapons\bar\data\ui\m_bar_ca.paa"
"fow_10nd_792x57","","\fow\fow_weapons\k98\data\ui\m_k98_ca.paa"
"fow_10Rnd_303","","\fow\fow_weapons\lee_enfield\data\ui\m_enfield_ca.paa"
"fow_10Rnd_57mm_APCBC","",""
"fow_10Rnd_57mm_APCR","",""
"fow_10Rnd_57mm_APDS","",""
"fow_120Rnd_20mm_shells","",""
"fow_13Rnd_9x19","","\fow\fow_weapons\mp40\data\ui\m_mp40_ca.paa"
"fow_15Rnd_762x33","","\fow\fow_weapons\m1_carbine\data\ui\m_m1carbine_ca.paa"
"fow_1600Rnd_127x99_Tracer_Red","",""
"fow_1Rnd_60mm_m2_HE","","\fow\fow_mortars_c\ui\m_m2_ca.paa"
"fow_1Rnd_60mm_m2_ILL","","\fow\fow_mortars_c\ui\m_m2_ca.paa"
"fow_1Rnd_60mm_m2_SMOKE","","\fow\fow_mortars_c\ui\m_m2_ca.paa"
"fow_1Rnd_81mm_type97_HE","","\fow\fow_mortars_c\ui\m_type97_ca.paa"
"fow_1Rnd_81mm_type97_ILL","","\fow\fow_mortars_c\ui\m_type97_ca.paa"
"fow_1Rnd_81mm_type97_SMOKE","","\fow\fow_mortars_c\ui\m_type97_ca.paa"
"fow_1Rnd_m6a1","","\fow\fow_weapons\m1a1_bazooka\data\ui\m_m6a1_ca.paa"
"fow_1Rnd_m9a1","","\fow\fow_weapons\garand\data\ui\m_m9a1_ca.paa"
"fow_1Rnd_piat_HE","","\fow\fow_weapons\piat\data\ui\gear_piat_rocket_ca.paa"
"fow_1Rnd_piat_HEAT","","\fow\fow_weapons\piat\data\ui\gear_piat_rocket_ca.paa"
"fow_1Rnd_pzfaust_100","","\fow\fow_weapons\m1a1_bazooka\data\ui\m_m6a1_ca.paa"
"fow_1Rnd_pzfaust_30","","\fow\fow_weapons\m1a1_bazooka\data\ui\m_m6a1_ca.paa"
"fow_1Rnd_pzfaust_30_klein","","\fow\fow_weapons\m1a1_bazooka\data\ui\m_m6a1_ca.paa"
"fow_1Rnd_pzfaust_60","","\fow\fow_weapons\m1a1_bazooka\data\ui\m_m6a1_ca.paa"
"fow_1Rnd_rpzb","","\fow\fow_weapons\rpzb\data\ui\m_rpzb_ca.paa"
"fow_1Rnd_type10","","\A3\Weapons_F\Data\UI\gear_flare_white_ca.paa"
"fow_1Rnd_type2_40","","\fow\fow_weapons\type99\data\ui\m_type2_ca.paa"
"fow_200Rnd_792x57","",""
"fow_20Rnd_20mm_AP","",""
"fow_20Rnd_20mm_HE","",""
"fow_20Rnd_45acp","","\fow\fow_weapons\m1a1\data\ui\m_m1a1_ca.paa"
"fow_20Rnd_50mm_pzgr40_APCR","",""
"fow_20Rnd_57mm_AP","",""
"fow_20Rnd_762x63","","\fow\fow_weapons\bar\data\ui\m_bar_ca.paa"
"fow_20Rnd_77x58_Type97","",""
"fow_20Rnd_792x57","","\fow\fow_weapons\fg42\data\ui\m_20rnd_792x57_ca.paa"
"fow_2400Rnd_127x99_Tracer_Red","",""
"fow_250Rnd_792x57","",""
"fow_250Rnd_M1919","",""
"fow_250Rnd_vickers","",""
"fow_27Rnd_37mm_M51_APC","",""
"fow_27Rnd_75mm_M72_AP","",""
"fow_30Rnd_303_bren","","\fow\fow_weapons\bren\data\ui\m_bren_ca.paa"
"fow_30Rnd_303_bren_mounted","",""
"fow_30Rnd_37mm_M74_AP","",""
"fow_30Rnd_45acp","","\fow\fow_weapons\m1a1\data\ui\m_m1a1_ca.paa"
"fow_30Rnd_45acp_T","","\fow\fow_weapons\m1a1\data\ui\m_m1a1_ca.paa"
"fow_30Rnd_50mm_pzgr39_APCBC","",""
"fow_30Rnd_57mm_HE","",""
"fow_30Rnd_75mm_M61_APCBC","",""
"fow_30Rnd_75mm_pzgr3942_APCBC_HE","",""
"fow_30Rnd_75mm_pzgr39_APCBC","",""
"fow_30Rnd_75mm_pzgr4042_APCR","",""
"fow_30Rnd_75mm_pzgr40_APCR","",""
"fow_30Rnd_75mm_sprg34_HE","",""
"fow_30Rnd_75mm_sprg42_HE","",""
"fow_30Rnd_762x63","","\fow\fow_weapons\bar\data\ui\m_bar_ca.paa"
"fow_30Rnd_77x58","","\fow\fow_weapons\type99_lmg\data\ui\m_type99_lmg_ca.paa"
"fow_30Rnd_77x58_Type92","",""
"fow_30Rnd_792x33","","\fow\fow_weapons\stg44\data\ui\m_stg44_ca.paa"
"fow_30Rnd_88mm_AP","",""
"fow_30Rnd_88mm_HE","",""
"fow_30Rnd_9x19_mab","","\fow\fow_weapons\lee_enfield\data\ui\w_enfield_ca.paa"
"fow_32Rnd_8x22","","\fow\fow_weapons\type100\data\ui\m_type100_ca.paa"
"fow_32Rnd_9x19_mp40","","\fow\fow_weapons\mp40\data\ui\m_mp40_ca.paa"
"fow_32Rnd_9x19_sten","","\fow\fow_weapons\sten\data\ui\m_sten_ca.paa"
"fow_33Rnd_9x19_owen","","\fow\fow_weapons\owen\data\ui\m_owen_ca.paa"
"fow_34Rnd_50mm_sprg34_HE","",""
"fow_40Rnd_37mm_M63_HE","",""
"fow_40Rnd_75mm_M48_HE","",""
"fow_450Rnd_20mm_shells","",""
"fow_49Rnd_37mm_APHE","",""
"fow_49Rnd_37mm_HE","",""
"fow_50Rnd_45acp","","\fow\fow_weapons\m1a1\data\ui\m_m1928_ca.paa"
"fow_50Rnd_45acp_T","","\fow\fow_weapons\m1a1\data\ui\m_m1928_ca.paa"
"fow_50Rnd_762x63","","\fow\fow_weapons\bar\data\ui\m_bar_ca.paa"
"fow_50Rnd_792x57","","\fow\fow_weapons\mg42\data\ui\m_mg42_ca.paa"
"fow_50Rnd_M1919","",""
"fow_5Rnd_12G_Pellets","","\fow\fow_weapons\m1912\data\UI\m_12g_p_ca.paa"
"fow_5Rnd_12G_Slug","","\fow\fow_weapons\m1912\data\UI\m_12g_p_ca.paa"
"fow_5Rnd_762x63","","\fow\fow_weapons\m1903\data\ui\m_m1903_ca.paa"
"fow_5Rnd_77x58","","\fow\fow_weapons\type99\data\ui\m_type99_ca.paa"
"fow_5Rnd_792x57","","\fow\fow_weapons\k98\data\ui\m_k98_ca.paa"
"fow_6Rnd_12G_Pellets","","\fow\fow_weapons\m1912\data\UI\m_12g_p_ca.paa"
"fow_6Rnd_12G_Slug","","\fow\fow_weapons\m1912\data\UI\m_12g_s_ca.paa"
"fow_6Rnd_455","","\fow\fow_weapons\webley\data\ui\m_webley_ca.paa"
"fow_7Rnd_45acp","","\fow\fow_weapons\m1911\data\ui\m_m1911_ca.paa"
"fow_7Rnd_765x17","","\fow\fow_weapons\mp40\data\ui\m_mp40_ca.paa"
"fow_8Rnd_60mm_m2_HE","",""
"fow_8Rnd_60mm_m2_ILL","",""
"fow_8Rnd_60mm_m2_SMOKE","",""
"fow_8Rnd_762x63","","\fow\fow_weapons\garand\data\ui\m_garand_ca.paa"
"fow_8Rnd_762x63_T","","\fow\fow_weapons\garand\data\ui\m_garand_ca.paa"
"fow_8Rnd_765x17","","\fow\fow_weapons\mp40\data\ui\m_mp40_ca.paa"
"fow_8Rnd_81mm_type97_HE","",""
"fow_8Rnd_81mm_type97_ILL","",""
"fow_8Rnd_81mm_type97_SMOKE","",""
"fow_8Rnd_8x22","","\fow\fow_weapons\type14\data\ui\m_type14_ca.paa"
"fow_8Rnd_9x19","","\fow\fow_weapons\mp40\data\ui\m_mp40_ca.paa"
"fow_e_m24","","\fow\fow_weapons\explosives\data\ui\m_m24_ca.paa"
"fow_e_m24_at","","\fow\fow_weapons\explosives\data\ui\m_m24at_ca.paa"
"fow_e_m24_spli","","\fow\fow_weapons\explosives\data\ui\m_m24_ca.paa"
"fow_e_m24K","","\fow\fow_weapons\explosives\data\ui\m_m24_ca.paa"
"fow_e_m24K_at","","\fow\fow_weapons\explosives\data\ui\m_m24at_ca.paa"
"fow_e_m24K_spli","","\fow\fow_weapons\explosives\data\ui\m_m24_ca.paa"
"fow_e_mk2","","\fow\fow_weapons\explosives\data\ui\m_mk2_ca.paa"
"fow_e_nb39b","","\fow\fow_weapons\explosives\data\ui\m_m24_ca.paa"
"fow_e_no36mk1","","\fow\fow_weapons\explosives\data\ui\m_no36_ca.paa"
"fow_e_no69","","\fow\fow_weapons\explosives\data\ui\HLS_UI_UK_No69_ca.paa"
"fow_e_no73","","\fow\fow_weapons\explosives\data\ui\HLS_UI_UK_No73_ca.paa"
"fow_e_no77","","\fow\fow_weapons\explosives\data\ui\HLS_UI_UK_No77_ca.paa"
"fow_e_no79","","\fow\fow_weapons\explosives\data\ui\HLS_UI_UK_No79_ca.paa"
"fow_e_no82","","\fow\fow_weapons\explosives\data\ui\HLS_UI_UK_No82_ca.paa"
"fow_e_tnt_halfpound","","\fow\fow_weapons\explosives\data\ui\m_mk2_ca.paa"
"fow_e_tnt_onepound_mag","","\A3\Weapons_f\data\UI\gear_satchel_CA.paa"
"fow_e_tnt_twohalfpound_mag","","\A3\Weapons_f\data\UI\gear_satchel_CA.paa"
"fow_e_tnt_twopound_mag","","\A3\Weapons_f\data\UI\gear_satchel_CA.paa"
"fow_e_type97","","\fow\fow_weapons\explosives\data\ui\m_Type97_ca.paa"
"fow_e_type99","","\fow\fow_weapons\explosives\data\ui\m_Type97_ca.paa"
"fow_e_type99_at","","\fow\fow_weapons\explosives\data\ui\m_type99_at_ca.paa"
"fow_fake","",""
"fow_fakeLauncherMagazine","","\fow\fow_weapons\m1a1_bazooka\data\ui\m_m6a1_ca.paa"
"fow_flamefuel","","\fow\fow_weapons\m1911\data\ui\m_m1911_ca.paa"
"HandGrenade","","\A3\Weapons_F\Data\UI\gear_M67_CA.paa"
"HandGrenade_East","","\WW2\Assets_t\Weapons\Equipment_t\Grenades\Gear_F1_ca.paa"
"HandGrenade_Stone","","\A3\Weapons_F\Data\UI\gear_M67_CA.paa"
"HandGrenade_West","","\A3\Weapons_F\Data\UI\gear_M67_CA.paa"
"I_E_IR_Grenade","","\A3\Weapons_F_EPB\Ammo\Data\UI\gear_I_IRstrobe_CA.paa"
"I_IR_Grenade","","\A3\Weapons_F_EPB\Ammo\Data\UI\gear_I_IRstrobe_CA.paa"
"IEDLandBig_Remote_Mag","","\A3\Weapons_F\Data\UI\gear_mine_AT_CA.paa"
"IEDLandSmall_Remote_Mag","","\A3\Weapons_F\Data\UI\gear_IED_small_dugin_CA.paa"
"IEDUrbanBig_Remote_Mag","","\A3\Weapons_F\Data\UI\gear_IED_large_urban_CA.paa"
"IEDUrbanSmall_Remote_Mag","","\A3\Weapons_F\Data\UI\gear_mine_AP_bouncing_CA.paa"
"Keys","","\a3\Missions_F_Oldman\Props\data\Keys_ca.paa"
"Laptop_Closed","","\a3\Missions_F_Oldman\Props\data\Laptop_Closed_ca.paa"
"Laptop_Unfolded","","\a3\Missions_F_Oldman\Props\data\Laptop_Unfolded_ca.paa"
"Laserbatteries","","\A3\Weapons_F\Data\UI\M_battery_CA.paa"
"LIB_1000Rnd_M2_P39","",""
"LIB_100Rnd_127x99_M2","",""
"LIB_100Rnd_762x63","","\WW2\Assets_t\Weapons\Equipment_t\Magazines\MachineGun_Light\M_M1919_ca.paa"
"LIB_100Rnd_762x63_M1","","\WW2\Assets_t\Weapons\Equipment_t\Magazines\MachineGun_Light\M_M1919_ca.paa"
"LIB_100Rnd_792x57","","\WW2\Assets_t\Weapons\Equipment_t\Magazines\MachineGun_Light\M_MG42_box_ca.paa"
"LIB_100Rnd_792x57_sS","","\WW2\Assets_t\Weapons\Equipment_t\Magazines\MachineGun_Light\M_MG42_box_ca.paa"
"LIB_100Rnd_M1919A4","",""
"LIB_10Rnd_762x54","","\WW2\Assets_t\Weapons\Equipment_t\Magazines\Rifles\M_Svt40_ca.paa"
"LIB_10Rnd_762x54_b30","","\WW2\Assets_t\Weapons\Equipment_t\Magazines\Rifles\M_Svt40_ca.paa"
"LIB_10Rnd_762x54_d","","\WW2\Assets_t\Weapons\Equipment_t\Magazines\Rifles\M_Svt40D_ca.paa"
"LIB_10Rnd_762x54_t30","","\WW2\Assets_t\Weapons\Equipment_t\Magazines\Rifles\M_Svt40T_ca.paa"
"LIB_10Rnd_762x54_t302","","\WW2\Assets_t\Weapons\Equipment_t\Magazines\Rifles\M_Svt40T2_ca.paa"
"LIB_10Rnd_762x54_t46","","\WW2\Assets_t\Weapons\Equipment_t\Magazines\Rifles\M_Svt40T_ca.paa"
"LIB_10Rnd_762x54_t462","","\WW2\Assets_t\Weapons\Equipment_t\Magazines\Rifles\M_Svt40T2_ca.paa"
"LIB_10Rnd_770x56","","\WW2\Assets_t\Weapons\Equipment_t\Magazines\Rifles\M_K98_ca.paa"
"LIB_10Rnd_770x56_MkVIII","","\WW2\Assets_t\Weapons\Equipment_t\Magazines\Rifles\M_K98sS_ca.paa"
"LIB_10Rnd_792x57","","\WW2\Assets_t\Weapons\Equipment_t\Magazines\Rifles\M_G43_ca.paa"
"LIB_10Rnd_792x57_clip","","\WW2\Assets_t\Weapons\Equipment_t\Magazines\Rifles\M_K98_ca.paa"
"LIB_10Rnd_792x57_SMK","","\WW2\Assets_t\Weapons\Equipment_t\Magazines\Rifles\M_G43SMK_ca.paa"
"LIB_10Rnd_792x57_sS","","\WW2\Assets_t\Weapons\Equipment_t\Magazines\Rifles\M_G43sS_ca.paa"
"LIB_10Rnd_792x57_T","","\WW2\Assets_t\Weapons\Equipment_t\Magazines\Rifles\M_G43T_ca.paa"
"LIB_10Rnd_792x57_T2","","\WW2\Assets_t\Weapons\Equipment_t\Magazines\Rifles\M_G43T2_ca.paa"
"LIB_10Rnd_9x19_M1896","","\WW2\Assets_t\Weapons\Equipment_t\Magazines\Pistols\M_Colt1911_ca.paa"
"LIB_10rnd_MUZZLE_FAKEMAG","","\WW2\Assets_t\Weapons\Optics_t\IF_Clear_empty.paa"
"LIB_10x_20L55_PzGr","",""
"LIB_10x_20L55_PzGr40","",""
"LIB_10x_20L55_PzGr40_APCR","",""
"LIB_10x_20L55_PzGr_AP","",""
"LIB_10x_20L55_SprGr","",""
"LIB_10x_20L55_SprGr_HE","",""
"LIB_10x_BR350P_APCR","",""
"LIB_10x_BR350P_ZiS3_APCR","",""
"LIB_10x_PzGr40_APCR","",""
"LIB_10x_PzGr40_KWK40_APCR","",""
"LIB_10x_PzGr40_Pak40_APCR","",""
"LIB_12x_6pdr_Mk1T_APCR","",""
"LIB_12x_BR471_AP","",""
"LIB_12x_KGrRotPz_K51_AP","",""
"LIB_12x_PzGr39_Pak40_AP","",""
"LIB_12x_PzGr40_KwK36_APCR","",""
"LIB_12x_Shell_50L60_PzGr40","",""
"LIB_12x_Shell_50L60_PzGr40_APCR","",""
"LIB_12x_SprGr34_Pak40_HE","",""
"LIB_14x_76L55_APDSMk1","",""
"LIB_14x_76L55_APDSMk1_APCR","",""
"LIB_14x_76L55_M93","",""
"LIB_14x_76L55_M93_APCR","",""
"LIB_14x_BR365_AP","",""
"LIB_14x_T45_M1_APCR","",""
"LIB_1500Rnd_UBT_PE2","",""
"LIB_150rnd_MG34","",""
"LIB_150Rnd_UBK_PE2","",""
"LIB_15Rnd_762x33","","\WW2\Assets_t\Weapons\Equipment_t\Magazines\Rifles\M_M1_Carbine_ca.paa"
"LIB_15Rnd_762x33_t","","\WW2\Assets_t\Weapons\Equipment_t\Magazines\Rifles\M_M1_Carbine_ca.paa"
"LIB_15x_BR365_AP","",""
"LIB_15x_PzGr39_StuK40_AP","",""
"LIB_16Rnd_BM13","",""
"LIB_16x_OF471_HE","",""
"LIB_1Rnd_145x114","","\WW2\Assets_t\Weapons\Equipment_t\Magazines\Rifles\M_PTRD_ca.paa"
"LIB_1Rnd_60mm_M6","","\WW2\Assets_t\Weapons\Equipment_t\Magazines\Launchers\Gear_M1A1_Bazooka_Rocket_ca.paa"
"LIB_1Rnd_60mm_Mo_HE","","\WW2\Assets_t\Weapons\Equipment_t\Magazines\Mortars\M_60_HE_ca.paa"
"LIB_1Rnd_60mm_Mo_Illum","","\WW2\Assets_t\Weapons\Equipment_t\Magazines\Mortars\M_60_Illum_ca.paa"
"LIB_1Rnd_60mm_Mo_Smoke","","\WW2\Assets_t\Weapons\Equipment_t\Magazines\Mortars\M_60_Smoke_ca.paa"
"LIB_1rnd_60mmHE_M2","","\WW2\Assets_t\Weapons\Equipment_t\Magazines\Mortars\M_60_HE_ca.paa"
"LIB_1Rnd_81mm_Mo_HE","","\WW2\Assets_t\Weapons\Equipment_t\Magazines\Mortars\M_80_HE_ca.paa"
"LIB_1Rnd_81mm_Mo_Illum","","\WW2\Assets_t\Weapons\Equipment_t\Magazines\Mortars\M_80_Illum_ca.paa"
"LIB_1Rnd_81mm_Mo_Smoke","","\WW2\Assets_t\Weapons\Equipment_t\Magazines\Mortars\M_80_Smoke_ca.paa"
"LIB_1rnd_81mmHE_GRWR34","","\WW2\Assets_t\Weapons\Equipment_t\Magazines\Mortars\M_80_HE_ca.paa"
"LIB_1Rnd_82mm_Mo_HE","","\WW2\Assets_t\Weapons\Equipment_t\Magazines\Mortars\M_80_HE_ca.paa"
"LIB_1Rnd_82mm_Mo_Illum","","\WW2\Assets_t\Weapons\Equipment_t\Magazines\Mortars\M_80_Illum_ca.paa"
"LIB_1Rnd_82mm_Mo_Smoke","","\WW2\Assets_t\Weapons\Equipment_t\Magazines\Mortars\M_80_Smoke_ca.paa"
"LIB_1rnd_82mmHE_BM37","","\WW2\Assets_t\Weapons\Equipment_t\Magazines\Mortars\M_80_HE_ca.paa"
"LIB_1Rnd_89m_G_PIAT","","\WW2\Assets_t\Weapons\Equipment_t\Magazines\Launchers\M_PIAT_ca.paa"
"LIB_1Rnd_89m_PIAT","","\WW2\Assets_t\Weapons\Equipment_t\Magazines\Launchers\M_PIAT_ca.paa"
"LIB_1Rnd_FAB250","",""
"LIB_1Rnd_FAB500","",""
"LIB_1Rnd_Faustpatrone","","\WW2\Assets_t\Weapons\Equipment_t\Magazines\Launchers\M_Faustpatrone_ca.paa"
"LIB_1Rnd_flare_green","","\WW2\Assets_t\Weapons\Equipment_t\Magazines\Pistols\Gear_Flare_Green_ca.paa"
"LIB_1Rnd_flare_red","","\WW2\Assets_t\Weapons\Equipment_t\Magazines\Pistols\Gear_Flare_Red_ca.paa"
"LIB_1Rnd_flare_white","","\WW2\Assets_t\Weapons\Equipment_t\Magazines\Pistols\Gear_Flare_White_ca.paa"
"LIB_1Rnd_flare_yellow","","\WW2\Assets_t\Weapons\Equipment_t\Magazines\Pistols\Gear_Flare_White_ca.paa"
"LIB_1Rnd_G_DYAKONOV","","\WW2\Assets_t\Weapons\Equipment_t\Magazines\Rifles\M_GL_Mosin_ca.paa"
"LIB_1Rnd_G_M9A1","","\WW2\Assets_t\Weapons\Equipment_t\Magazines\Rifles\M_GL_M9A1_ca.paa"
"LIB_1Rnd_G_MillsBomb","","\WW2\Assets_t\Weapons\Equipment_t\Grenades\Gear_MillsBomb_ca.paa"
"LIB_1Rnd_G_Mk2","","\WW2\Assets_t\Weapons\Equipment_t\Magazines\Rifles\M_GL_MK2_ca.paa"
"LIB_1Rnd_G_PZGR_30","","\WW2\Assets_t\Weapons\Equipment_t\Magazines\Rifles\M_K98_Sb_Gwpzgr30_ca.paa"
"LIB_1Rnd_G_PZGR_40","","\WW2\Assets_t\Weapons\Equipment_t\Magazines\Rifles\M_K98_Sb_Gwpzgr40_ca.paa"
"LIB_1Rnd_G_SPRGR_30","","\WW2\Assets_t\Weapons\Equipment_t\Magazines\Rifles\M_K98_Sb_Gwpgrgr30_ca.paa"
"LIB_1Rnd_PzFaust_30m","","\WW2\Assets_t\Weapons\Equipment_t\Magazines\Launchers\M_PzFaust30_ca.paa"
"LIB_1Rnd_PzFaust_60m","","\WW2\Assets_t\Weapons\Equipment_t\Magazines\Launchers\M_PzFaust30_ca.paa"
"LIB_1Rnd_RPzB","","\WW2\Assets_t\Weapons\Equipment_t\Magazines\Launchers\Gear_Pzb_Rocket_ca.paa"
"LIB_1Rnd_SC250","",""
"LIB_1Rnd_SC50","",""
"LIB_1Rnd_SC500","",""
"LIB_1Rnd_US_500lb","",""
"LIB_2000Rnd_MG131_FW190","",""
"LIB_2000Rnd_MG81_JU87","",""
"LIB_20Rnd_762x63","","\WW2\Assets_t\Weapons\Equipment_t\Magazines\MachineGun_Light\M_Bar_ca.paa"
"LIB_20Rnd_762x63_M1","","\WW2\Assets_t\Weapons\Equipment_t\Magazines\MachineGun_Light\M_Bar_ca.paa"
"LIB_20Rnd_792x57","","\WW2\Assets_t\Weapons\Equipment_t\Magazines\Rifles\M_FG42_ca.paa"
"LIB_20x_290mm_Petard_HE","",""
"LIB_20x_37L57_M51","",""
"LIB_20x_37L57_M51_APCR","",""
"LIB_20x_Shell_105L28_Gr38_HE","",""
"LIB_20x_Shell_105L28_Gr39HlC_HE","",""
"LIB_20x_SprGr34_K51_HE","",""
"LIB_20x_SprGr_FlaK_30","",""
"LIB_20x_SprGr_FlaK_30_APHE_T","",""
"LIB_20x_SprGr_FlaK_38","",""
"LIB_20x_SprGr_FlaK_38_APHE_T","",""
"LIB_21x_6pdr_mk10T_HE","",""
"LIB_21x_Shell_50L60_SprGr38","",""
"LIB_21x_Shell_50L60_SprGr38_HE","",""
"LIB_21x_SprGr_KwK36_HE","",""
"LIB_225Rnd_Besa","",""
"LIB_22x_6pdr_mk7_AP","",""
"LIB_22x_Shell_50L60_PzGr","",""
"LIB_22x_Shell_50L60_PzGr_AP","",""
"LIB_250Rnd_792x57","","\WW2\Assets_t\Weapons\Equipment_t\Magazines\MachineGun_Light\M_MG42_ca.paa"
"LIB_250Rnd_792x57_SMK","","\WW2\Assets_t\Weapons\Equipment_t\Magazines\MachineGun_Light\M_MG42_ca.paa"
"LIB_250Rnd_792x57_sS","","\WW2\Assets_t\Weapons\Equipment_t\Magazines\MachineGun_Light\M_MG42_ca.paa"
"LIB_250rnd_7_62x54R_maxim","",""
"LIB_250rnd_7_62x54R_maxim_D","",""
"LIB_250Rnd_M1919A4","",""
"LIB_25x_37L57_M74","",""
"LIB_25x_37L57_M74_AP","",""
"LIB_25x_O365_HE","",""
"LIB_290mm_Petard_HE","",""
"LIB_30Rnd_45ACP","","\WW2\Assets_t\Weapons\Equipment_t\Magazines\MachineGun_Sub\M_M1a1_ca.paa"
"LIB_30Rnd_45ACP_t","","\WW2\Assets_t\Weapons\Equipment_t\Magazines\MachineGun_Sub\M_M1a1_ca.paa"
"LIB_30Rnd_770x56","","\WW2\Assets_t\Weapons\Equipment_t\Magazines\MachineGun_Light\M_Bren_ca.paa"
"LIB_30Rnd_770x56_MKVIII","","\WW2\Assets_t\Weapons\Equipment_t\Magazines\MachineGun_Light\M_Bren_mkviii_ca.paa"
"LIB_30Rnd_792x33","","\WW2\Assets_t\Weapons\Equipment_t\Magazines\Rifles\M_MP44_ca.paa"
"LIB_30rnd_792x33_t","","\WW2\Assets_t\Weapons\Equipment_t\Magazines\Rifles\M_MP44_ca.paa"
"LIB_30Rnd_Bren","",""
"LIB_30Rnd_M3_GreaseGun_45ACP","","\WW2\Assets_t\Weapons\Equipment_t\Magazines\MachineGun_Sub\M_M1a1_ca.paa"
"LIB_30Rnd_M4_P39","",""
"LIB_30rnd_MUZZLE_FAKEMAG","","\WW2\Assets_t\Weapons\Optics_t\IF_Clear_empty.paa"
"LIB_30x_37L57_M63","",""
"LIB_30x_37L57_M63_HE","",""
"LIB_30x_76L55_APMk3","",""
"LIB_30x_76L55_APMk3_AP","",""
"LIB_30x_76L55_M79","",""
"LIB_30x_76L55_M79_AP","",""
"LIB_30x_M61_M1_AP","",""
"LIB_30x_PzGr39_KwK36_AP","",""
"LIB_30x_PzGr39_KWK40_AP","",""
"LIB_30x_PzGr43_AP","",""
"LIB_30x_SprGr34_StuK40_HE","",""
"LIB_30x_SprGr42_KwK42_HE","",""
"LIB_32Rnd_9x19","","\WW2\Assets_t\Weapons\Equipment_t\Magazines\MachineGun_Sub\M_MP40_ca.paa"
"LIB_32Rnd_9x19_Sten","","\WW2\Assets_t\Weapons\Equipment_t\Magazines\MachineGun_Sub\M_MP40_ca.paa"
"LIB_32rnd_9x19_t","","\WW2\Assets_t\Weapons\Equipment_t\Magazines\MachineGun_Sub\M_MP40_ca.paa"
"LIB_32rnd_MUZZLE_FAKEMAG","","\WW2\Assets_t\Weapons\Optics_t\IF_Clear_empty.paa"
"LIB_35Rnd_762x25","","\WW2\Assets_t\Weapons\Equipment_t\Magazines\MachineGun_Sub\M_PPSh41m_ca.paa"
"LIB_35Rnd_762x25_ap","","\WW2\Assets_t\Weapons\Equipment_t\Magazines\MachineGun_Sub\M_PPSh41mAP_ca.paa"
"LIB_35Rnd_762x25_t","","\WW2\Assets_t\Weapons\Equipment_t\Magazines\MachineGun_Sub\M_PPSh41mT_ca.paa"
"LIB_35Rnd_762x25_t2","","\WW2\Assets_t\Weapons\Equipment_t\Magazines\MachineGun_Sub\M_PPSh41mT2_ca.paa"
"LIB_36x_O365_HE","",""
"LIB_4000Rnd_M2_P47","",""
"LIB_40x_37L57_M51","",""
"LIB_40x_37L57_M51_APCR","",""
"LIB_40x_BR350B_AP","",""
"LIB_40x_BR350B_ZiS3_AP","",""
"LIB_40x_PzGr3942_KwK42_AP","",""
"LIB_40x_PzGr39_Pak40_AP","",""
"LIB_40x_SprGr39_HE","",""
"LIB_450Rnd_ShKAS_PE2","",""
"LIB_45x_SprGr_KwK36_AA","",""
"LIB_45x_SprGr_KwK36_HE","",""
"LIB_47Rnd_762x54","","\WW2\Assets_t\Weapons\Equipment_t\Magazines\MachineGun_Light\M_DP28_ca.paa"
"LIB_47Rnd_762x54d","","\WW2\Assets_t\Weapons\Equipment_t\Magazines\MachineGun_Light\M_DP28d_ca.paa"
"LIB_4x_40mm_Bofors_AA","",""
"LIB_4x_40mm_Bofors_AP","",""
"LIB_500Rnd_MG151_FW190","",""
"LIB_500Rnd_MG151_JU87","",""
"LIB_50Rnd_127x108","",""
"LIB_50Rnd_45ACP","","\WW2\Assets_t\Weapons\Equipment_t\Magazines\MachineGun_Sub\M_M1928d_ca.paa"
"LIB_50Rnd_762x63","","\WW2\Assets_t\Weapons\Equipment_t\Magazines\MachineGun_Light\M_M1919_ca.paa"
"LIB_50Rnd_762x63_M1","","\WW2\Assets_t\Weapons\Equipment_t\Magazines\MachineGun_Light\M_M1919_ca.paa"
"LIB_50Rnd_792x57","","\WW2\Assets_t\Weapons\Equipment_t\Magazines\MachineGun_Light\M_MG42_ca.paa"
"LIB_50Rnd_792x57_SMK","","\WW2\Assets_t\Weapons\Equipment_t\Magazines\MachineGun_Light\M_MG42SMK_ca.paa"
"LIB_50Rnd_792x57_sS","","\WW2\Assets_t\Weapons\Equipment_t\Magazines\MachineGun_Light\M_MG42sS_ca.paa"
"LIB_50Rnd_792x57_Veh","","\WW2\Assets_t\Weapons\Equipment_t\Magazines\MachineGun_Light\M_MG42_ca.paa"
"LIB_50x_37L57_M74","",""
"LIB_50x_37L57_M74_AP","",""
"LIB_50x_OF350_HE","",""
"LIB_50x_OF350_ZiS3_HE","",""
"LIB_50x_SprGr34_Pak40_HE","",""
"LIB_50x_SprGr_KwK36_AA","",""
"LIB_50x_SprGr_KwK36_HE","",""
"LIB_5Rnd_762x54","","\WW2\Assets_t\Weapons\Equipment_t\Magazines\Rifles\M_M9130_ca.paa"
"LIB_5Rnd_762x54_b30","","\WW2\Assets_t\Weapons\Equipment_t\Magazines\Rifles\M_M9130_ca.paa"
"LIB_5Rnd_762x54_D","","\WW2\Assets_t\Weapons\Equipment_t\Magazines\Rifles\M_M9130D_ca.paa"
"LIB_5Rnd_762x54_t30","","\WW2\Assets_t\Weapons\Equipment_t\Magazines\Rifles\M_M9130T_ca.paa"
"LIB_5Rnd_762x54_t46","","\WW2\Assets_t\Weapons\Equipment_t\Magazines\Rifles\M_M9130T_ca.paa"
"LIB_5Rnd_762x63","","\WW2\Assets_t\Weapons\Equipment_t\Magazines\SniperRifles\M_M1903A4_Springfield_ca.paa"
"LIB_5Rnd_762x63_M1","","\WW2\Assets_t\Weapons\Equipment_t\Magazines\SniperRifles\M_M1903A4_Springfield_ca.paa"
"LIB_5Rnd_762x63_t","","\WW2\Assets_t\Weapons\Equipment_t\Magazines\SniperRifles\M_M1903A4_Springfield_ca.paa"
"LIB_5Rnd_792x57","","\WW2\Assets_t\Weapons\Equipment_t\Magazines\Rifles\M_K98_ca.paa"
"LIB_5Rnd_792x57_SMK","","\WW2\Assets_t\Weapons\Equipment_t\Magazines\Rifles\M_K98SMK_ca.paa"
"LIB_5Rnd_792x57_sS","","\WW2\Assets_t\Weapons\Equipment_t\Magazines\Rifles\M_K98sS_ca.paa"
"LIB_5Rnd_792x57_t","","\WW2\Assets_t\Weapons\Equipment_t\Magazines\Rifles\M_K98T_ca.paa"
"LIB_5rnd_MUZZLE_FAKEMAG","","\WW2\Assets_t\Weapons\Optics_t\IF_Clear_empty.paa"
"LIB_5Rnd_NbW42","",""
"LIB_5x_61k","",""
"LIB_5x_61kAP","",""
"LIB_5x_BR365P_APCR","",""
"LIB_5x_PzGr40_StuK40_APCR","",""
"LIB_60mm_M2_SmokeShell","","\WW2\Assets_t\Weapons\Equipment_t\Magazines\Mortars\M_60_Smoke_ca.paa"
"LIB_60x_37L57_M63","",""
"LIB_60x_37L57_M63_HE","",""
"LIB_60x_76L55_HEMk1","",""
"LIB_60x_76L55_HEMk1_HE","",""
"LIB_60x_76L55_M42","",""
"LIB_60x_76L55_M42_HE","",""
"LIB_60x_95L18_HE","",""
"LIB_60x_M42A1_M1_HE","",""
"LIB_60x_Oerlikon","",""
"LIB_60x_OerlikonAP","",""
"LIB_60x_SprGr34_KWK40_HE","",""
"LIB_63Rnd_762x54","","\WW2\Assets_t\Weapons\Equipment_t\Magazines\MachineGun_Light\M_DT_ca.paa"
"LIB_63Rnd_762x54d","","\WW2\Assets_t\Weapons\Equipment_t\Magazines\MachineGun_Light\M_DTt_ca.paa"
"LIB_63rnd_DT","",""
"LIB_6pdr_mk10T_HE","",""
"LIB_6pdr_Mk1T_APCR","",""
"LIB_6pdr_mk7_AP","",""
"LIB_6Rnd_455","","\WW2\Assets_t\Weapons\Equipment_t\Magazines\Pistols\M_M1895_ca.paa"
"LIB_6Rnd_763x25","","\WW2\Assets_t\Weapons\Equipment_t\Magazines\Pistols\M_Colt1911_ca.paa"
"LIB_6Rnd_9x19_Welrod","","\WW2\Assets_t\Weapons\Equipment_t\Magazines\Pistols\M_Colt1911_ca.paa"
"LIB_6Rnd_M8_P47","",""
"LIB_6Rnd_NbW41","",""
"LIB_6x_PzGr40_Pak40_APCR","",""
"LIB_71Rnd_762x25","","\WW2\Assets_t\Weapons\Equipment_t\Magazines\MachineGun_Sub\M_PPSh41d_ca.paa"
"LIB_71Rnd_762x25_ap","","\WW2\Assets_t\Weapons\Equipment_t\Magazines\MachineGun_Sub\M_PPSh41dAP_ca.paa"
"LIB_71Rnd_762x25_t","","\WW2\Assets_t\Weapons\Equipment_t\Magazines\MachineGun_Sub\M_PPSh41dT_ca.paa"
"LIB_71Rnd_762x25_t2","","\WW2\Assets_t\Weapons\Equipment_t\Magazines\MachineGun_Sub\M_PPSh41dT2_ca.paa"
"LIB_75Rnd_792x57","","\WW2\Assets_t\Weapons\Equipment_t\Magazines\MachineGun_Light\M_MG34_ca.paa"
"LIB_7Rnd_45ACP","","\WW2\Assets_t\Weapons\Equipment_t\Magazines\Pistols\M_Colt1911_ca.paa"
"LIB_7Rnd_45ACP_DeLisle","","\WW2\Assets_t\Weapons\Equipment_t\Magazines\Pistols\M_Colt1911_ca.paa"
"LIB_7Rnd_762x38","","\WW2\Assets_t\Weapons\Equipment_t\Magazines\Pistols\M_M1895_ca.paa"
"LIB_7Rnd_765x17","","\WW2\Assets_t\Weapons\Equipment_t\Magazines\Pistols\M_Colt1911_ca.paa"
"LIB_7Rnd_765x17_PPK","","\WW2\Assets_t\Weapons\Equipment_t\Magazines\Pistols\M_Colt1911_ca.paa"
"LIB_7Rnd_9x19","","\WW2\Assets_t\Weapons\Equipment_t\Magazines\Pistols\M_Colt1911_ca.paa"
"LIB_80x_SprGr_FlaK_38","",""
"LIB_80x_SprGr_FlaK_38_APHE_T","",""
"LIB_81mm_GRWR34_SmokeShell","","\WW2\Assets_t\Weapons\Equipment_t\Magazines\Mortars\M_80_Smoke_ca.paa"
"LIB_82mm_BM37_SmokeShell","","\WW2\Assets_t\Weapons\Equipment_t\Magazines\Mortars\M_80_Smoke_ca.paa"
"LIB_8Rnd_60mmHE_M2","",""
"LIB_8Rnd_762x25","","\WW2\Assets_t\Weapons\Equipment_t\Magazines\Pistols\M_TT33_ca.paa"
"LIB_8Rnd_762x63","","\WW2\Assets_t\Weapons\Equipment_t\Magazines\Rifles\M_M1_Garand_ca.paa"
"LIB_8Rnd_762x63_M1","","\WW2\Assets_t\Weapons\Equipment_t\Magazines\Rifles\M_M1_Garand_ca.paa"
"LIB_8Rnd_762x63_t","","\WW2\Assets_t\Weapons\Equipment_t\Magazines\Rifles\M_M1_Garand_ca.paa"
"LIB_8Rnd_81mmHE_GRWR34","",""
"LIB_8Rnd_82mmHE_BM37","",""
"LIB_8Rnd_9x19","","\WW2\Assets_t\Weapons\Equipment_t\Magazines\Pistols\M_P38_ca.paa"
"LIB_8Rnd_9x19_P08","","\WW2\Assets_t\Weapons\Equipment_t\Magazines\Pistols\M_P08_ca.paa"
"LIB_8rnd_MUZZLE_FAKEMAG","","\WW2\Assets_t\Weapons\Optics_t\IF_Clear_empty.paa"
"LIB_8x_BR365P_APCR","",""
"LIB_95L18_HE","",""
"LIB_9x_PzGr4042_KwK42_APCR","",""
"LIB_AP_VehicleMagazine_base","",""
"LIB_APCR_VehicleMagazine_base","",""
"LIB_Bagpipes_Mag","","\WW2\Assets_t\Weapons\Equipment_t\Magazines\Launchers\M_Bagpipes_ca.paa"
"LIB_BaseRifleGrenade","",""
"LIB_Bomb_VehicleMagazine_base","",""
"LIB_BR350B_AP","",""
"LIB_BR350P_APCR","",""
"LIB_BR365_AP139","",""
"LIB_BR365_AP139_AP","",""
"LIB_BR365P_APCR","",""
"LIB_BR471_AP","",""
"LIB_Crocodile_FlameProjector_Mag","","\WW2\Assets_t\Characters\Pictures_t\Backpacks\B_US_M2Flamethrower_ca.paa"
"LIB_F1","","\WW2\Assets_t\Weapons\Equipment_t\Grenades\Gear_F1_ca.paa"
"LIB_FAKE_SHELL","",""
"LIB_HandGrenade_base","","\A3\Weapons_F\Data\UI\gear_M67_CA.paa"
"LIB_HE_VehicleMagazine_base","",""
"LIB_KGrRotPz_K51_AP","",""
"LIB_Ladung_Big_MINE_mag","","\WW2\Assets_t\Weapons\Equipment_t\Mines\Gear_Ladung3kg_ca.paa"
"LIB_Ladung_PM_MINE_mag","","\WW2\Assets_t\Weapons\Equipment_t\Mines\Gear_Ladung_Charger_ca.paa"
"LIB_Ladung_Small_MINE_mag","","\WW2\Assets_t\Weapons\Equipment_t\Mines\Gear_Ladung_Wire_ca.paa"
"LIB_M2_Flamethrower_Mag","","\WW2\Assets_t\Characters\Pictures_t\Backpacks\B_US_M2Flamethrower_ca.paa"
"LIB_M2_Flamethrower_Mag_Empty","","\WW2\Assets_t\Characters\Pictures_t\Backpacks\B_US_M2Flamethrower_ca.paa"
"LIB_M39","","\WW2\Assets_t\Weapons\Equipment_t\Grenades\Gear_M39_ca.paa"
"LIB_M3_MINE_mag","","\WW2\Assets_t\Weapons\Equipment_t\Mines\Gear_Mine_MZ_ca.paa"
"LIB_M42A1_M1_HE","",""
"LIB_M61_M1_AP","",""
"LIB_MARKER_MINE_mag","","\WW2\Assets_t\Weapons\Equipment_t\Mines\Gear_Flag_ca.paa"
"LIB_MillsBomb","","\WW2\Assets_t\Weapons\Equipment_t\Grenades\Gear_MillsBomb_ca.paa"
"LIB_Mine_Magazine","",""
"LIB_MUZZLE_FAKEMAG","","\WW2\Assets_t\Weapons\Optics_t\IF_Clear_empty.paa"
"LIB_NB39","","\WW2\Assets_t\Weapons\Equipment_t\Grenades\Gear_SmokeGrenade_NB39_ca.paa"
"LIB_No77","","\WW2\Assets_t\Weapons\Equipment_t\Grenades\Gear_No77_ca.paa"
"LIB_No82","","\WW2\Assets_t\Weapons\Equipment_t\Grenades\Gear_No82_ca.paa"
"LIB_O365_HE","",""
"LIB_OF350_HE","",""
"LIB_OF471_HE","",""
"LIB_PM_MINE_mag","","\WW2\Assets_t\Weapons\Equipment_t\Mines\Gear_Detonator_Soviet_ca.paa"
"LIB_PM_Provod_100","","\WW2\Assets_t\Weapons\Equipment_t\Mines\Gear_Wire_ca.paa"
"LIB_PM_Provod_50","","\WW2\Assets_t\Weapons\Equipment_t\Mines\Gear_Wire_ca.paa"
"LIB_PM_Provod_75","","\WW2\Assets_t\Weapons\Equipment_t\Mines\Gear_Wire_ca.paa"
"LIB_PMD6_MINE_mag","","\WW2\Assets_t\Weapons\Equipment_t\Mines\Gear_Mine_PMD6_ca.paa"
"LIB_pomzec_MINE_mag","","\WW2\Assets_t\Weapons\Equipment_t\Mines\Gear_Mine_POMZ_ca.paa"
"LIB_PP_MINE_mag","","\WW2\Assets_t\Weapons\Equipment_t\Mines\Gear_Mine_Satchel_ca.paa"
"LIB_Pwm","","\WW2\Assets_t\Weapons\Equipment_t\Grenades\Gear_Rpg6_ca.paa"
"LIB_PzFaust_30m_Used","",""
"LIB_PzGr3942_KwK42_AP","",""
"LIB_PzGr39_KwK36_AP","",""
"LIB_PzGr39_KWK40_AP","",""
"LIB_PzGr4042_KwK42_APCR","",""
"LIB_PzGr40_APCR","",""
"LIB_PzGr40_KwK36_APCR","",""
"LIB_PzGr40_KWK40_APCR","",""
"LIB_PzGr43_AP","",""
"LIB_RDG","","\WW2\Assets_t\Weapons\Equipment_t\Grenades\Gear_Rdg_ca.paa"
"LIB_Rg42","","\WW2\Assets_t\Weapons\Equipment_t\Grenades\Gear_Rg42_ca.paa"
"LIB_Rpg6","","\WW2\Assets_t\Weapons\Equipment_t\Grenades\Gear_Rpg6_ca.paa"
"LIB_Shell_105L28_Gr38_HE","",""
"LIB_Shell_105L28_Gr39HlC_HE","",""
"LIB_Shell_20L55_PzGr","",""
"LIB_Shell_20L55_PzGr40","",""
"LIB_Shell_20L55_PzGr40_APCR","",""
"LIB_Shell_20L55_PzGr_AP","",""
"LIB_Shell_20L55_SprGr","",""
"LIB_Shell_20L55_SprGr_HE","",""
"LIB_Shell_37L57_M51","",""
"LIB_Shell_37L57_M51_APCR","",""
"LIB_Shell_37L57_M63","",""
"LIB_Shell_37L57_M63_HE","",""
"LIB_Shell_37L57_M74","",""
"LIB_Shell_37L57_M74_AP","",""
"LIB_Shell_50L60_PzGr","",""
"LIB_Shell_50L60_PzGr40","",""
"LIB_Shell_50L60_PzGr40_APCR","",""
"LIB_Shell_50L60_PzGr_AP","",""
"LIB_Shell_50L60_SprGr38","",""
"LIB_Shell_50L60_SprGr38_HE","",""
"LIB_Shell_76L55_APDSMk1","",""
"LIB_Shell_76L55_APDSMk1_APCR","",""
"LIB_Shell_76L55_APMk3","",""
"LIB_Shell_76L55_APMk3_AP","",""
"LIB_Shell_76L55_HEMk1","",""
"LIB_Shell_76L55_HEMk1_HE","",""
"LIB_Shell_76L55_M42","",""
"LIB_Shell_76L55_M42_HE","",""
"LIB_Shell_76L55_M79","",""
"LIB_Shell_76L55_M79_AP","",""
"LIB_Shell_76L55_M93","",""
"LIB_Shell_76L55_M93_APCR","",""
"LIB_Shg24","","\WW2\Assets_t\Weapons\Equipment_t\Grenades\Gear_M24_ca.paa"
"LIB_Shg24x7","","\WW2\Assets_t\Weapons\Equipment_t\Grenades\Gear_7x_ca.paa"
"LIB_shumine_42_MINE_mag","","\WW2\Assets_t\Weapons\Equipment_t\Mines\Gear_Mine_Shumine42_ca.paa"
"LIB_SMI_35_1_MINE_mag","","\WW2\Assets_t\Weapons\Equipment_t\Mines\Gear_Mine_SMI35_1_ca.paa"
"LIB_SMI_35_MINE_mag","","\WW2\Assets_t\Weapons\Equipment_t\Mines\Gear_Mine_SMI35_ca.paa"
"LIB_SmokeShell_base","","\A3\Weapons_f\data\ui\gear_smokegrenade_white_ca.paa"
"LIB_SprGr34_K51_HE","",""
"LIB_SprGr34_KWK40_HE","",""
"LIB_SprGr39_HE","",""
"LIB_SprGr42_KwK42_HE","",""
"LIB_SprGr_KwK36_AA","",""
"LIB_SprGr_KwK36_HE","",""
"LIB_STMI_MINE_mag","","\WW2\Assets_t\Weapons\Equipment_t\Mines\Gear_Mine_StMi_ca.paa"
"LIB_T45_M1_APCR","",""
"LIB_TM44_MINE_mag","","\WW2\Assets_t\Weapons\Equipment_t\Mines\Gear_Mine_TM44_ca.paa"
"LIB_TMI_42_MINE_mag","","\WW2\Assets_t\Weapons\Equipment_t\Mines\Gear_Mine_TMI42_ca.paa"
"LIB_TROTIL_MINE_mag","","\WW2\Assets_t\Weapons\Equipment_t\Mines\Gear_Mine_Satchel_ca.paa"
"LIB_US_BM10_PM_mag","","\WW2\Assets_t\Weapons\Equipment_t\Mines\Gear_Ladung_Charger_ca.paa"
"LIB_US_M18","","\WW2\Assets_t\Weapons\Equipment_t\Grenades\Gear_SmokeGrenade_M18_White_ca.paa"
"LIB_US_M18_Green","","\WW2\Assets_t\Weapons\Equipment_t\Grenades\Gear_SmokeGrenade_M18_Green_ca.paa"
"LIB_US_M18_Red","","\WW2\Assets_t\Weapons\Equipment_t\Grenades\Gear_SmokeGrenade_M18_Red_ca.paa"
"LIB_US_M18_Yellow","","\WW2\Assets_t\Weapons\Equipment_t\Grenades\Gear_SmokeGrenade_M18_Yellow_ca.paa"
"LIB_US_M1A1_ATMINE_mag","","\WW2\Assets_t\Weapons\Equipment_t\Mines\Gear_Mine_M1a1_At_ca.paa"
"LIB_US_M3_MINE_mag","","\WW2\Assets_t\Weapons\Equipment_t\Mines\Gear_Mine_M3_Ap_ca.paa"
"LIB_US_Mk_2","","\WW2\Assets_t\Weapons\Equipment_t\Grenades\Gear_Mk2_ca.paa"
"LIB_US_TNT_4pound_mag","","\WW2\Assets_t\Weapons\Equipment_t\Mines\Gear_Ladung3kg_ca.paa"
"magazine_Bomb_GBU12_x1","",""
"magazine_Bomb_KAB250_x1","",""
"magazine_Bomb_SDB_x1","",""
"magazine_Cannon_Phalanx_x1550","",""
"magazine_Fighter01_Gun20mm_AA_x450","",""
"magazine_Fighter02_Gun30mm_AA_x180","",""
"magazine_Fighter04_Gun20mm_AA_x150","",""
"magazine_Fighter04_Gun20mm_AA_x250","",""
"magazine_Missile_AA_R73_x1","",""
"magazine_Missile_AA_R77_x1","",""
"magazine_Missile_AGM_02_x1","",""
"magazine_Missile_AGM_KH25_x1","",""
"magazine_Missile_AMRAAM_C_x1","",""
"magazine_Missile_AMRAAM_D_x1","",""
"magazine_Missile_BIM9X_x1","",""
"magazine_Missile_HARM_x1","",""
"magazine_Missile_KH58_x1","",""
"magazine_Missile_mim145_x4","",""
"magazine_Missile_rim116_x21","",""
"magazine_Missile_rim162_x8","",""
"magazine_Missile_s750_x4","",""
"magazine_Missiles_Cruise_01_Cluster_x18","",""
"magazine_Missiles_Cruise_01_x18","",""
"magazine_ShipCannon_120mm_AT_mine_shells_x6","",""
"magazine_ShipCannon_120mm_HE_cluster_shells_x2","",""
"magazine_ShipCannon_120mm_HE_guided_shells_x2","",""
"magazine_ShipCannon_120mm_HE_LG_shells_x2","",""
"magazine_ShipCannon_120mm_HE_shells_x32","",""
"magazine_ShipCannon_120mm_mine_shells_x6","",""
"magazine_ShipCannon_120mm_smoke_shells_x6","",""
"Mine","","\WW2\Assets_t\Weapons\Equipment_t\Mines\Gear_Mine_TMI42_ca.paa"
"MineE","","\WW2\Assets_t\Weapons\Equipment_t\Mines\Gear_Mine_TMI42_ca.paa"
"MiniGrenade","","\A3\Weapons_F\Data\UI\gear_M67_CA.paa"
"MobilePhone","","\a3\Missions_F_Oldman\Props\data\MobilePhone_ca.paa"
"Money","","\a3\Missions_F_Oldman\Props\data\Money_ca.paa"
"Money_bunch","","\a3\Missions_F_Oldman\Props\data\Money_bunch_ca.paa"
"Money_roll","","\a3\Missions_F_Oldman\Props\data\Money_roll_ca.paa"
"Money_stack","","\a3\Missions_F_Oldman\Props\data\Money_stack_ca.paa"
"Money_stack_quest","","\a3\Missions_F_Oldman\Props\data\Money_stack_ca.paa"
"MRAWS_HE_F","","\a3\Weapons_F_Tank\Launchers\MRAWS\Data\UI\icon_rocket_MRAWS_HE_F_ca.paa"
"MRAWS_HEAT55_F","","\a3\Weapons_F_Tank\Launchers\MRAWS\Data\UI\icon_rocket_MRAWS_HEAT55_F_ca.paa"
"MRAWS_HEAT_F","","\a3\Weapons_F_Tank\Launchers\MRAWS\Data\UI\icon_rocket_MRAWS_HEAT_F_ca.paa"
"NLAW_F","","\A3\weapons_f\launchers\nlaw\data\UI\gear_nlaw_rocket_ca.paa"
"O_IR_Grenade","","\A3\Weapons_F_EPB\Ammo\Data\UI\gear_O_IRstrobe_CA.paa"
"O_R_IR_Grenade","","\A3\Weapons_F_EPB\Ammo\Data\UI\gear_O_IRstrobe_CA.paa"
"OM_Magazine","",""
"PipeBomb","","\WW2\Assets_t\Weapons\Equipment_t\Mines\Gear_Ladung3kg_ca.paa"
"ProbingWeapon_01_magazine","",""
"ProbingWeapon_02_magazine","",""
"Pylon_1Rnd_Leaflets_Civ_F","",""
"Pylon_1Rnd_Leaflets_Custom_01_F","",""
"Pylon_1Rnd_Leaflets_Custom_02_F","",""
"Pylon_1Rnd_Leaflets_Custom_03_F","",""
"Pylon_1Rnd_Leaflets_Custom_04_F","",""
"Pylon_1Rnd_Leaflets_Custom_05_F","",""
"Pylon_1Rnd_Leaflets_Custom_06_F","",""
"Pylon_1Rnd_Leaflets_Custom_07_F","",""
"Pylon_1Rnd_Leaflets_Custom_08_F","",""
"Pylon_1Rnd_Leaflets_Custom_09_F","",""
"Pylon_1Rnd_Leaflets_Custom_10_F","",""
"Pylon_1Rnd_Leaflets_East_F","",""
"Pylon_1Rnd_Leaflets_Guer_F","",""
"Pylon_1Rnd_Leaflets_West_F","",""
"PylonMissile_1Rnd_AAA_missiles","",""
"PylonMissile_1Rnd_ACE_Hellfire_AGM114K","",""
"PylonMissile_1Rnd_ACE_Hellfire_AGM114L","",""
"PylonMissile_1Rnd_ACE_Hellfire_AGM114N","",""
"PylonMissile_1Rnd_Bomb_03_F","",""
"PylonMissile_1Rnd_Bomb_04_F","",""
"PylonMissile_1Rnd_BombCluster_01_F","",""
"PylonMissile_1Rnd_BombCluster_02_cap_F","",""
"PylonMissile_1Rnd_BombCluster_02_F","",""
"PylonMissile_1Rnd_BombCluster_03_F","",""
"PylonMissile_1Rnd_GAA_missiles","",""
"PylonMissile_1Rnd_LG_scalpel","",""
"PylonMissile_1Rnd_Missile_AA_03_F","",""
"PylonMissile_1Rnd_Missile_AA_04_F","",""
"PylonMissile_1Rnd_Mk82_F","",""
"PylonMissile_Bomb_GBU12_x1","",""
"PylonMissile_Bomb_KAB250_x1","",""
"PylonMissile_Missile_AA_R73_x1","",""
"PylonMissile_Missile_AA_R77_INT_x1","",""
"PylonMissile_Missile_AA_R77_x1","",""
"PylonMissile_Missile_AGM_02_x1","",""
"PylonMissile_Missile_AGM_02_x2","",""
"PylonMissile_Missile_AGM_KH25_INT_x1","",""
"PylonMissile_Missile_AGM_KH25_x1","",""
"PylonMissile_Missile_AMRAAM_C_x1","",""
"PylonMissile_Missile_AMRAAM_D_INT_x1","",""
"PylonMissile_Missile_AMRAAM_D_x1","",""
"PylonMissile_Missile_BIM9X_x1","",""
"PylonMissile_Missile_HARM_INT_x1","",""
"PylonMissile_Missile_HARM_x1","",""
"PylonMissile_Missile_KH58_INT_x1","",""
"PylonMissile_Missile_KH58_x1","",""
"PylonRack_12Rnd_missiles","",""
"PylonRack_12Rnd_PG_missiles","",""
"PylonRack_19Rnd_Rocket_Skyfire","",""
"PylonRack_1Rnd_AAA_missiles","",""
"PylonRack_1Rnd_ACE_Hellfire_AGM114K","",""
"PylonRack_1Rnd_ACE_Hellfire_AGM114L","",""
"PylonRack_1Rnd_ACE_Hellfire_AGM114N","",""
"PylonRack_1Rnd_GAA_missiles","",""
"PylonRack_1Rnd_LG_scalpel","",""
"PylonRack_1Rnd_Missile_AA_03_F","",""
"PylonRack_1Rnd_Missile_AA_04_F","",""
"PylonRack_1Rnd_Missile_AGM_01_F","",""
"PylonRack_1Rnd_Missile_AGM_02_F","",""
"PylonRack_20Rnd_Rocket_03_AP_F","",""
"PylonRack_20Rnd_Rocket_03_HE_F","",""
"PylonRack_2Rnd_BombCluster_01_F","",""
"PylonRack_2Rnd_BombCluster_03_F","",""
"PylonRack_3Rnd_ACE_Hellfire_AGM114K","",""
"PylonRack_3Rnd_ACE_Hellfire_AGM114L","",""
"PylonRack_3Rnd_ACE_Hellfire_AGM114N","",""
"PylonRack_3Rnd_LG_scalpel","",""
"PylonRack_3Rnd_Missile_AGM_02_F","",""
"PylonRack_4Rnd_ACE_Hellfire_AGM114K","",""
"PylonRack_4Rnd_ACE_Hellfire_AGM114L","",""
"PylonRack_4Rnd_ACE_Hellfire_AGM114N","",""
"PylonRack_4Rnd_BombDemine_01_Dummy_F","",""
"PylonRack_4Rnd_BombDemine_01_F","",""
"PylonRack_4Rnd_LG_scalpel","",""
"PylonRack_7Rnd_Rocket_04_AP_F","",""
"PylonRack_7Rnd_Rocket_04_HE_F","",""
"PylonRack_Bomb_GBU12_x2","",""
"PylonRack_Bomb_SDB_x4","",""
"PylonRack_Missile_AGM_02_x1","",""
"PylonRack_Missile_AGM_02_x2","",""
"PylonRack_Missile_AMRAAM_C_x1","",""
"PylonRack_Missile_AMRAAM_C_x2","",""
"PylonRack_Missile_AMRAAM_D_x1","",""
"PylonRack_Missile_AMRAAM_D_x2","",""
"PylonRack_Missile_BIM9X_x1","",""
"PylonRack_Missile_BIM9X_x2","",""
"PylonRack_Missile_HARM_x1","",""
"PylonWeapon_2000Rnd_65x39_belt","",""
"PylonWeapon_300Rnd_20mm_shells","",""
"RPG32_F","","\A3\Weapons_F\launchers\RPG32\data\UI\gear_rpg32_rocket_ca.paa"
"RPG32_HE_F","","\A3\Weapons_F\launchers\RPG32\data\UI\gear_tbg32v_rocket_ca.paa"
"RPG7_F","","\A3\Weapons_F_Exp\Launchers\RPG7\Data\UI\icon_rocket_RPG7_CA.paa"
"SatchelCharge_Remote_Mag","","\A3\Weapons_f\data\UI\gear_satchel_CA.paa"
"SatPhone","","\a3\Missions_F_Oldman\Props\data\SatPhone_ca.paa"
"SLAMDirectionalMine_Wire_Mag","","\A3\Weapons_F\Data\UI\gear_mine_SLAM_directional_CA.paa"
"Sleeping_bag_folded_01","","\a3\Missions_F_Oldman\Props\data\Sleeping_bag_folded_01_ca.paa"
"SmartPhone","","\a3\Missions_F_Oldman\Props\data\SmartPhone_ca.paa"
"SmokeLauncherMag","",""
"SmokeLauncherMag_boat","",""
"SmokeLauncherMag_Single","",""
"SmokeShell","","\A3\Weapons_f\data\ui\gear_smokegrenade_white_ca.paa"
"SmokeShellBlue","","\A3\Weapons_f\data\ui\gear_smokegrenade_blue_ca.paa"
"SmokeShellGreen","","\A3\Weapons_f\data\ui\gear_smokegrenade_green_ca.paa"
"SmokeShellOrange","","\A3\Weapons_f\data\ui\gear_smokegrenade_orange_ca.paa"
"SmokeShellPurple","","\A3\Weapons_f\data\ui\gear_smokegrenade_purple_ca.paa"
"SmokeShellRed","","\A3\Weapons_f\data\ui\gear_smokegrenade_red_ca.paa"
"SmokeShellYellow","","\A3\Weapons_f\data\ui\gear_smokegrenade_yellow_ca.paa"
"SPG9_HE","","\a3\Weapons_F_Tank\Launchers\Vorona\Data\UI\icon_rocket_vorona_HE_F_ca.paa"
"SPG9_HEAT","","\a3\Weapons_F_Tank\Launchers\Vorona\Data\UI\icon_rocket_vorona_HEAT_F_ca.paa"
"TimeBomb","","\WW2\Assets_t\Weapons\Equipment_t\Mines\Gear_Ladung3kg_ca.paa"
"Titan_AA","","\A3\Weapons_F_beta\Launchers\titan\Data\UI\gear_titan_missile_atl_CA.paa"
"Titan_AP","","\A3\Weapons_F_beta\Launchers\titan\Data\UI\gear_titan_missile_ap_CA.paa"
"Titan_AT","","\A3\Weapons_F_beta\Launchers\titan\Data\UI\gear_titan_missile_at_CA.paa"
"TrainingMine_Mag","","\A3\Weapons_F_Orange\Explosives\Data\UI\gear_TrainingMine_CA.paa"
"UGL_FlareCIR_F","","\A3\Weapons_F\Data\UI\gear_UGL_Flare_purple_CA.paa"
"UGL_FlareGreen_F","","\A3\Weapons_F\Data\UI\gear_UGL_Flare_Green_CA.paa"
"UGL_FlareRed_F","","\A3\Weapons_F\Data\UI\gear_UGL_Flare_Red_CA.paa"
"UGL_FlareWhite_F","","\A3\Weapons_F\Data\UI\gear_UGL_Flare_CA.paa"
"UGL_FlareYellow_F","","\A3\Weapons_F\Data\UI\gear_UGL_Flare_yelow_CA.paa"
"VehicleMagazine","",""
"Vorona_HE","","\a3\Weapons_F_Tank\Launchers\Vorona\Data\UI\icon_rocket_vorona_HE_F_ca.paa"
"Vorona_HEAT","","\a3\Weapons_F_Tank\Launchers\Vorona\Data\UI\icon_rocket_vorona_HEAT_F_ca.paa"
"Wallet_ID","","\a3\Missions_F_Oldman\Props\data\Wallet_ID_ca.paa"
